latitude,longitude,timestamp,aod550,aerosol_index,cloud_fraction,surface_reflectance,angstrom_exponent,single_scattering_albedo,satellite,data_source
16.5150833,80.5181667,2025-10-29 22:00:00,0.15162819570267366,0.2574045680039991,0.7066289504248099,0.09511438120446933,1.586859215199072,0.9362732630613034,INSAT-3DR,INSAT-3DR
14.675886,77.593027,2025-10-29 22:00:00,0.07449658924381476,0.20846503677258932,0.1712889883921856,0.10028298529931517,1.398679438344837,0.9330134102834118,INSAT-3DR,INSAT-3DR
13.20488,79.097889,2025-10-29 22:00:00,0.10242873524216571,0.20619531938605112,0.1306550627169592,0.10056157548095981,1.5208455878256815,0.9262623754081185,INSAT-3DR,INSAT-3DR
14.465052,78.824187,2025-10-29 22:00:00,0.10174635307047446,0.22049745026632644,0.2207247755170363,0.08030931899036065,1.7455874694770661,0.9497667928822237,INSAT-3DR,INSAT-3DR
16.9872867,81.7363176,2025-10-29 22:00:00,0.20547103068566985,0.4676000753410093,0.12593375025918738,0.0960601870357137,1.3778436109828258,0.9528570202598415,INSAT-3DR,INSAT-3DR
13.67,79.35,2025-10-29 22:00:00,0.11716756284163687,0.4274570318668643,0.2135022377693224,0.12620383816161795,1.845977079736689,0.9204597027437114,INSAT-3DR,INSAT-3DR
13.615387,79.40923,2025-10-29 22:00:00,0.058473780778675405,0.3293466804125271,0.20882596524740685,0.07493084773549752,1.5044900824555323,0.9446875635643892,INSAT-3DR,INSAT-3DR
16.536107,80.594233,2025-10-29 22:00:00,0.16849244584188838,0.36486284837155647,0.32086410566907325,0.09380700572023878,1.4520815350692582,0.9501752696977073,INSAT-3DR,INSAT-3DR
16.509717,80.612222,2025-10-29 22:00:00,0.19940438460919374,0.43984368409246344,0.5600281895769946,0.07287927109710532,1.5829188701081232,0.9627980680196706,INSAT-3DR,INSAT-3DR
16.554731,80.64911,2025-10-29 22:00:00,0.0508723795503547,0.09647511698501557,0.4029495735611844,0.11675528443093179,1.2106135860394285,0.9488160285118279,INSAT-3DR,INSAT-3DR
17.72,83.3,2025-10-29 22:00:00,0.05,0.2564814644844281,0.24665966714244955,0.13497151828117068,1.4218536171183622,0.945329750848302,INSAT-3DR,INSAT-3DR
27.103358,93.679645,2025-10-29 22:00:00,0.24857542949769662,0.6053295360180743,0.09733997396733043,0.11253227274526142,1.9431089232409529,0.9611347167767187,INSAT-3DR,INSAT-3DR
26.071318,91.87488,2025-10-29 22:00:00,0.06291843528037575,0.16975076840332481,0.1670794881924264,0.08617230769643557,1.6375128703988273,0.9435304115624674,INSAT-3DR,INSAT-3DR
26.2028636,91.70046436,2025-10-29 22:00:00,0.058746008038027125,0.1666299503850185,0.4233095863025996,0.10071132148065988,1.2530308572661817,0.9691510943804377,INSAT-3DR,INSAT-3DR
26.10887,91.589544,2025-10-29 22:00:00,0.07048631853622704,0.1965102013715787,0.0738618793138573,0.12065113624707195,1.8127800289799065,0.9265185173678204,INSAT-3DR,INSAT-3DR
26.1875,91.744194,2025-10-29 22:00:00,0.07723307010909851,0.28283703230312573,0.5328925154223212,0.08099873005067745,1.2457177635651848,0.9250541470993969,INSAT-3DR,INSAT-3DR
26.181742,91.78063,2025-10-29 22:00:00,0.10196174297638497,0.2819880090243579,0.38552088586814537,0.07007970885701147,1.6918881064166178,0.9757077055802854,INSAT-3DR,INSAT-3DR
26.349082,92.68449,2025-10-29 22:00:00,0.08538763478226465,0.17362547102078368,0.31350088854375985,0.09031763010830365,1.598015925650299,0.9609531154383838,INSAT-3DR,INSAT-3DR
26.446912,91.439057,2025-10-29 22:00:00,0.144981993603346,0.3069436103755937,0.14826462333301427,0.10252825658867236,1.2644777984376454,0.9874620884924956,INSAT-3DR,INSAT-3DR
24.82827,92.79525,2025-10-29 22:00:00,0.16557026003152164,0.417688282463306,0.15674032920175238,0.11035989552782904,1.0933998528659905,0.9922469941897151,INSAT-3DR,INSAT-3DR
26.987634,94.636574,2025-10-29 22:00:00,0.07717245120832064,0.19274056472192588,0.14081866243857386,0.10813454938922229,1.30762302755881,0.9526941493620561,INSAT-3DR,INSAT-3DR
26.146529,87.454184,2025-10-29 22:00:00,0.11074123058092103,0.16844602796187963,0.4075410519266686,0.10068016192456294,1.6536667984580629,0.9375120343949284,INSAT-3DR,INSAT-3DR
25.5626095,84.663264,2025-10-29 22:00:00,0.05,0.1378652947954217,0.15913756199471085,0.0966975415555632,1.3346969657507888,0.9616936656383583,INSAT-3DR,INSAT-3DR
24.75746,84.366208,2025-10-29 22:00:00,0.09815538707334892,0.2845661199180666,0.30943082727185484,0.12561879153333455,1.6322205071469937,0.9247046543362896,INSAT-3DR,INSAT-3DR
25.42742023,86.13886079,2025-10-29 22:00:00,0.1557253594972012,0.29267499181618295,0.21863768430993039,0.10993625014271843,1.3318037202026904,0.9419150880160554,INSAT-3DR,INSAT-3DR
26.80365,84.51954,2025-10-29 22:00:00,0.129939799641453,0.460917102714403,0.2151756109176064,0.10038762475396051,1.7157067092125895,0.94344525699464,INSAT-3DR,INSAT-3DR
25.251013,86.989001,2025-10-29 22:00:00,0.05,0.04320729064145336,0.4503871186742739,0.09797350167540209,1.0814933588501687,0.919893958779833,INSAT-3DR,INSAT-3DR
25.265194,87.012947,2025-10-29 22:00:00,0.13759906770751193,0.3373085751093072,0.5131399267415329,0.09200243522663258,1.323099385387996,0.939588116446391,INSAT-3DR,INSAT-3DR
25.204762,85.51496,2025-10-29 22:00:00,0.05,0.08643153359494682,0.26770728277248285,0.0849820105807783,1.0912126610694808,0.9480159929413688,INSAT-3DR,INSAT-3DR
25.56752,83.966379,2025-10-29 22:00:00,0.13549217357519766,0.2526820265997106,0.20241794327305043,0.1130466067635336,1.4886119082550413,0.9432732329273097,INSAT-3DR,INSAT-3DR
25.7808257,84.7446768,2025-10-29 22:00:00,0.08289800472650224,0.3227750529684249,0.07601707907424621,0.09289756689019003,1.582964896407175,0.9431684673556328,INSAT-3DR,INSAT-3DR
24.7955,84.9994,2025-10-29 22:00:00,0.1600263197626136,0.30609553958131885,0.45737280010007725,0.09632292213681581,1.6360430911805648,0.946023005129647,INSAT-3DR,INSAT-3DR
24.792403,84.992416,2025-10-29 22:00:00,0.05,0.15824680837588703,0.2935774176688429,0.09243296234800467,1.5290636110651477,0.9510107268558582,INSAT-3DR,INSAT-3DR
24.762518,84.982348,2025-10-29 22:00:00,0.1911567982452343,0.39684313737575405,0.1212094885868003,0.08692641718725162,1.4603031082969877,0.9323620675691373,INSAT-3DR,INSAT-3DR
25.697189,85.2459,2025-10-29 22:00:00,0.12600965177827006,0.3739359473229407,0.14914060613745123,0.10591975809685925,1.5785927505235655,0.9509445618459632,INSAT-3DR,INSAT-3DR
25.560083,87.553265,2025-10-29 22:00:00,0.05274567054880923,0.365665316792656,0.1517885388740462,0.14687308105625252,1.364561952469341,0.9583110148294846,INSAT-3DR,INSAT-3DR
26.0881305,87.93840336,2025-10-29 22:00:00,0.10286553423888817,0.2840356883276873,0.17306410088679855,0.04852951512603721,1.4385799588624346,0.9393151945607414,INSAT-3DR,INSAT-3DR
27.308328,84.531742,2025-10-29 22:00:00,0.12421221484792011,0.31499130956322924,0.6114417251194881,0.10465736174853797,1.673732608471143,0.9163331061085433,INSAT-3DR,INSAT-3DR
26.63086,84.90051,2025-10-29 22:00:00,0.1009065203584927,0.22845100739184596,0.29324200385798277,0.10890208509665414,1.340215868816247,0.9741223686954856,INSAT-3DR,INSAT-3DR
25.376776,86.471523,2025-10-29 22:00:00,0.1471254283386787,0.3849645256661811,0.2649348407860796,0.09051643649792071,1.5402029961417307,0.9415457108061458,INSAT-3DR,INSAT-3DR
26.11442,85.39813,2025-10-29 22:00:00,0.1541457538320494,0.36796974234650814,0.14971404128091853,0.07973940976754325,1.1625552500128598,0.9498979084886947,INSAT-3DR,INSAT-3DR
26.1403345,85.3650192,2025-10-29 22:00:00,0.08379597698112246,0.1840745071858212,0.10095763423068761,0.11207581040555789,1.2246771403354635,0.9209890045350259,INSAT-3DR,INSAT-3DR
26.1209,85.3647,2025-10-29 22:00:00,0.13571430845133728,0.2947910080821262,0.10991927577939282,0.08207739064054975,1.5606874372499648,0.9766415238543354,INSAT-3DR,INSAT-3DR
25.592539,85.227158,2025-10-29 22:00:00,0.05,0.13626576887506459,0.29199705928412584,0.0924873266846893,1.6781044355290937,0.9573181867582965,INSAT-3DR,INSAT-3DR
25.610369,85.132568,2025-10-29 22:00:00,0.12156235354709874,0.21400462832931674,0.3147515034918723,0.11305647751039571,1.6764227544151014,0.9485002076174556,INSAT-3DR,INSAT-3DR
25.619651,85.147382,2025-10-29 22:00:00,0.07378828795935943,0.13425910191199408,0.08300636248250873,0.05617492297669439,1.6939096133778193,0.9594270498165546,INSAT-3DR,INSAT-3DR
25.599486,85.113666,2025-10-29 22:00:00,0.09830078433324074,0.21821296495129447,0.22072793515470351,0.10778339620446897,1.5001417255361045,0.9441880304531373,INSAT-3DR,INSAT-3DR
25.596727,85.085624,2025-10-29 22:00:00,0.08696088514226741,0.07813733707734316,0.4479142430717618,0.08543656198060369,1.2481868748138507,0.9657403313928178,INSAT-3DR,INSAT-3DR
25.366336,87.117468,2025-10-29 22:00:00,0.16785548174770745,0.37929493450713286,0.3884262559770071,0.08165689017257904,1.6339616196018676,0.9711756134698049,INSAT-3DR,INSAT-3DR
25.0328,85.41948,2025-10-29 22:00:00,0.12657324922346042,0.3643772922329778,0.28234915237269537,0.0794037630291631,1.6601530853479183,0.9421563687760482,INSAT-3DR,INSAT-3DR
25.892357,86.590325,2025-10-29 22:00:00,0.10033712529412528,0.33395481303470365,0.33948246415200956,0.08546102081965302,0.9341102377871852,0.938920629028451,INSAT-3DR,INSAT-3DR
25.859655,85.77944,2025-10-29 22:00:00,0.18210250061278077,0.24802698291470804,0.07911696462973788,0.10231649174453893,1.9086051603697978,0.9558049313133407,INSAT-3DR,INSAT-3DR
24.952822,84.002396,2025-10-29 22:00:00,0.07034331575461078,0.07984541552169869,0.2598509402587652,0.10168212975776982,1.4329585493481163,1.0102942341860441,INSAT-3DR,INSAT-3DR
26.2271665,84.3570427,2025-10-29 22:00:00,0.1479964066664614,0.303115845308399,0.2395329734017419,0.1113354345236836,1.5625301982414646,0.9856490843311463,INSAT-3DR,INSAT-3DR
30.735567,76.775714,2025-10-29 22:00:00,0.05,0.13052625958790176,0.1339587486426284,0.0803779257210053,1.3339398936031586,0.9768863641597441,INSAT-3DR,INSAT-3DR
30.751462,76.762879,2025-10-29 22:00:00,0.1813296305131742,0.42218928757166574,0.2963304970573012,0.11467095627011732,1.3889110414269996,0.9504373148436444,INSAT-3DR,INSAT-3DR
21.194815,81.31477,2025-10-29 22:00:00,0.1560327919489928,0.4030359437930867,0.22844364526225547,0.09051637885843702,1.5378406606948472,0.918120725403534,INSAT-3DR,INSAT-3DR
21.185571,81.343175,2025-10-29 22:00:00,0.1061505668914739,0.018220426397258682,0.09887189020529727,0.09119481591227199,1.5982132086890712,0.9697730895873303,INSAT-3DR,INSAT-3DR
22.08815,82.13737,2025-10-29 22:00:00,0.14209094447403534,0.3363563483358297,0.2234870505069218,0.09485613910787138,1.177316829469503,0.968331363612886,INSAT-3DR,INSAT-3DR
22.118125,83.140608,2025-10-29 22:00:00,0.21953025991636715,0.46144618766679885,0.4295442181634117,0.0837435281932687,1.4970627171216253,0.9139699400698384,INSAT-3DR,INSAT-3DR
22.368195,82.746431,2025-10-29 22:00:00,0.08345644946935507,0.018013891473317056,0.254160723346467,0.09348539089499106,1.6481090731748873,0.9525892387025039,INSAT-3DR,INSAT-3DR
22.348441,82.549611,2025-10-29 22:00:00,0.05,0.21899808180928204,0.2335653458304439,0.07317870573396863,1.5285899220230776,0.9545342337268112,INSAT-3DR,INSAT-3DR
22.12665,83.483212,2025-10-29 22:00:00,0.13198860837942505,0.3302925077249124,0.16859419450148602,0.08455170017978825,1.6779082462338049,0.9817658830410988,INSAT-3DR,INSAT-3DR
22.1910172,83.5197009,2025-10-29 22:00:00,0.14923041887260108,0.5274458232807441,0.38581944026871773,0.10271849134436696,1.1533061003927623,0.9544298661426566,INSAT-3DR,INSAT-3DR
21.258815,81.578979,2025-10-29 22:00:00,0.12098817612104376,0.26006005874419946,0.3340582764465139,0.1240918915873678,1.5365076193765352,0.9625390949651226,INSAT-3DR,INSAT-3DR
21.219665,81.630094,2025-10-29 22:00:00,0.10281401165271208,0.30224143014694166,0.1092228028151901,0.09308161341905659,1.5626223537147783,0.9525966383257606,INSAT-3DR,INSAT-3DR
21.237755,81.705301,2025-10-29 22:00:00,0.1569849378995521,0.3324112429303638,0.34141723179861583,0.11412257098218653,1.7381492232050495,0.959666496545056,INSAT-3DR,INSAT-3DR
21.371751,81.664929,2025-10-29 22:00:00,0.16972638048049576,0.42756593749002564,0.5201589992198643,0.10162165085801649,1.9678257903137821,0.9433182368244932,INSAT-3DR,INSAT-3DR
22.06631475,83.33820077,2025-10-29 22:00:00,0.1489185594391165,0.3710550766452318,0.24229853388422343,0.08530392585579283,1.168661496088082,0.9434967453515675,INSAT-3DR,INSAT-3DR
28.815329,77.15301,2025-10-29 22:00:00,0.06981081440472997,0.10949546802561563,0.38672192532504746,0.09971459294101223,1.617700157252239,0.9633374469015158,INSAT-3DR,INSAT-3DR
28.647622,77.315809,2025-10-29 22:00:00,0.09981379236443538,0.2633261330028945,0.30103793419120284,0.11165361626030372,1.4098641967004535,0.9411066186460219,INSAT-3DR,INSAT-3DR
28.695381,77.181665,2025-10-29 22:00:00,0.08876234915983296,0.2851179676223635,0.11924915523379107,0.09185079785416797,1.6596119746704685,0.9264665634185987,INSAT-3DR,INSAT-3DR
28.4706914,77.1099364,2025-10-29 22:00:00,0.11156001375463158,0.3778949383834332,0.08664081953183593,0.09921527052602512,1.1490422515755225,0.9523931860903786,INSAT-3DR,INSAT-3DR
28.7762,77.051074,2025-10-29 22:00:00,0.07479326586033999,0.07021798643920735,0.24115871818642148,0.05850719924907264,1.3237150187665294,0.9780833188020079,INSAT-3DR,INSAT-3DR
28.7256504,77.2011573,2025-10-29 22:00:00,0.06706448862780995,0.11229170625597762,0.0996154126463063,0.058791139251818225,1.718193334903884,0.9810760100217536,INSAT-3DR,INSAT-3DR
28.5512005,77.2735737,2025-10-29 22:00:00,0.05,0.17100543414464442,0.2131956570791507,0.060899024593634346,1.5508852914853442,0.9375646129433359,INSAT-3DR,INSAT-3DR
28.7500499,77.1112615,2025-10-29 22:00:00,0.07657120644416876,-0.05406933801697275,0.140255728333557,0.10871329132914004,1.6240159996892674,0.9382818807863764,INSAT-3DR,INSAT-3DR
28.498571,77.26484,2025-10-29 22:00:00,0.09922844343168455,0.2744614203010872,0.10991979272339146,0.11654472215314847,1.5210519402046667,0.9777640187770832,INSAT-3DR,INSAT-3DR
28.5710274,77.0719006,2025-10-29 22:00:00,0.15288439222995062,0.38832662656844774,0.42462052999911487,0.08311343102420993,1.6284745183283136,0.9506149516617499,INSAT-3DR,INSAT-3DR
28.5627763,77.1180053,2025-10-29 22:00:00,0.05,0.06756175495370603,0.12991469678309317,0.07853343935554209,1.5887478582539611,0.9405344769564351,INSAT-3DR,INSAT-3DR
28.6811736,77.3025234,2025-10-29 22:00:00,0.14324115107399954,0.5415848921436691,0.08724512109622258,0.1442478127518202,1.5783280479777866,0.9635295733754607,INSAT-3DR,INSAT-3DR
28.628624,77.24106,2025-10-29 22:00:00,0.10319906143032875,0.17836498904287013,0.225962498797433,0.11308862054211243,1.4399346308391519,0.9602055262233824,INSAT-3DR,INSAT-3DR
28.73282,77.170633,2025-10-29 22:00:00,0.16053419200365152,0.38165738512143044,0.2515908928612635,0.09198169612911747,1.6631530329979987,0.9390602783308912,INSAT-3DR,INSAT-3DR
28.58028,77.233829,2025-10-29 22:00:00,0.08291228771864209,0.05457661321455953,0.22268368483154963,0.08522605003340875,1.1050658210825783,0.9350184156669743,INSAT-3DR,INSAT-3DR
28.588333,77.221667,2025-10-29 22:00:00,0.1397281913459995,0.37820697306696743,0.10087829765922134,0.09274427344931656,1.3262447298012687,0.9378986642377052,INSAT-3DR,INSAT-3DR
28.5918245,77.2273074,2025-10-29 22:00:00,0.15336668590734454,0.4195192292826369,0.2879907980212083,0.1517581794706137,1.602934310877646,0.9424632464100687,INSAT-3DR,INSAT-3DR
28.611281,77.237738,2025-10-29 22:00:00,0.17232558133170206,0.321503197269243,0.6387615581530763,0.11354417042700367,1.2840899176721141,0.9555398904085425,INSAT-3DR,INSAT-3DR
28.636429,77.201067,2025-10-29 22:00:00,0.18453369000397538,0.5436059624599823,0.5221266197462932,0.1182083699937114,1.36261271641115,0.977853097765681,INSAT-3DR,INSAT-3DR
28.684678,77.076574,2025-10-29 22:00:00,0.0974148265453556,0.056736877696314636,0.49419740322805866,0.11528956440611582,1.3039060930156205,0.9556811314105974,INSAT-3DR,INSAT-3DR
28.60909,77.0325413,2025-10-29 22:00:00,0.12954541521112636,0.24171505236544838,0.3120693934713149,0.08042518327380468,1.8814595672853107,0.9212781697492988,INSAT-3DR,INSAT-3DR
28.570173,76.933762,2025-10-29 22:00:00,0.10365789917688693,0.19350175158080477,0.1482465335615184,0.08031089007071807,1.4097458938140939,0.9630901150544627,INSAT-3DR,INSAT-3DR
28.822836,77.101981,2025-10-29 22:00:00,0.12132460566254927,0.3208290090872734,0.12131233513831169,0.09981635293229722,1.178095803383804,0.9360538169860194,INSAT-3DR,INSAT-3DR
28.56789,77.250515,2025-10-29 22:00:00,0.05,0.17869756969437411,0.4703458860327593,0.07988959970969406,1.304750709709093,0.9440588558425451,INSAT-3DR,INSAT-3DR
28.6573814,77.1585447,2025-10-29 22:00:00,0.10162306439709039,0.34524083884406304,0.19259857287727591,0.11541604439975943,1.567307676374196,0.968298667797634,INSAT-3DR,INSAT-3DR
28.530785,77.271255,2025-10-29 22:00:00,0.10406800730874216,0.1397762051920784,0.526675828091143,0.09682859815307562,1.4026047399623987,0.9624029756083092,INSAT-3DR,INSAT-3DR
28.623763,77.287209,2025-10-29 22:00:00,0.05,0.23864705083670373,0.12873064816779975,0.12324519195011334,1.3341781638731909,0.9179049002417806,INSAT-3DR,INSAT-3DR
28.674045,77.131023,2025-10-29 22:00:00,0.09922650892301792,0.05224872941924355,0.1943172576655615,0.09527791978161584,1.4344626917342436,0.9015169876592538,INSAT-3DR,INSAT-3DR
28.639652,77.146275,2025-10-29 22:00:00,0.05193140763238918,0.19409419226646055,0.5435969546817739,0.07748825771936063,1.4777018425749775,0.9788361065803182,INSAT-3DR,INSAT-3DR
28.63611,77.173332,2025-10-29 22:00:00,0.09858780109449695,0.1959975617175308,0.12916351941593784,0.08951280088636834,1.6077633856362246,0.9631939953986159,INSAT-3DR,INSAT-3DR
28.563262,77.186937,2025-10-29 22:00:00,0.06300774119289315,0.22618217217684886,0.1801075786121337,0.1004639195711475,1.420003594434218,0.9293971546955434,INSAT-3DR,INSAT-3DR
28.732528,77.11992,2025-10-29 22:00:00,0.0627557581608516,0.194598417444807,0.34373810860870335,0.12184205922038668,1.2047072716756397,0.9591300467033559,INSAT-3DR,INSAT-3DR
28.6514781,77.1473105,2025-10-29 22:00:00,0.10413864823573207,0.19744094745348967,0.5387267633843665,0.10622981717595581,1.5611128768714102,0.9249239034579998,INSAT-3DR,INSAT-3DR
28.5504249,77.2159377,2025-10-29 22:00:00,0.11686541449252577,0.35141133464338603,0.3733895123987104,0.07331678481990019,1.4432544991093446,0.9617359475596945,INSAT-3DR,INSAT-3DR
28.710508,77.249485,2025-10-29 22:00:00,0.0829459509461603,0.2951831188624312,0.18057778159123133,0.060480734002167615,1.304047610451205,0.9420757931543778,INSAT-3DR,INSAT-3DR
28.531346,77.190156,2025-10-29 22:00:00,0.05,0.20279723634666436,0.5566001526992631,0.07086637117351836,1.4156811874884794,0.9237165848179032,INSAT-3DR,INSAT-3DR
28.672342,77.31526,2025-10-29 22:00:00,0.15633413285096956,0.43269262072653936,0.2854665368099586,0.09879924916622872,1.3604767098781887,0.9309189109179082,INSAT-3DR,INSAT-3DR
28.699793,77.165453,2025-10-29 22:00:00,0.09590790260848105,0.1271459358125963,0.23098518873980792,0.13998479392667007,1.727995022900102,0.9479688359265489,INSAT-3DR,INSAT-3DR
23.107969,72.574648,2025-10-29 22:00:00,0.09255305615659082,0.3651853566696691,0.4925498886709235,0.09444972762279534,1.1041588281518673,0.944621676106044,INSAT-3DR,INSAT-3DR
22.977134,72.553024,2025-10-29 22:00:00,0.11605528740567038,0.4488709839251977,0.47894204644732696,0.10171914776034431,1.3825691681937593,0.939356550875131,INSAT-3DR,INSAT-3DR
23.002657,72.591912,2025-10-29 22:00:00,0.13594032018951424,0.38114885702629026,0.23399173533496898,0.1327347992366128,1.6239377843224225,0.9073832400528824,INSAT-3DR,INSAT-3DR
23.020509,72.579261,2025-10-29 22:00:00,0.1758757174850274,0.5433050198264189,0.22050800511303126,0.07252221764822861,1.6934545950123372,0.9781446002276727,INSAT-3DR,INSAT-3DR
23.016834,72.625775,2025-10-29 22:00:00,0.056237140454549535,-0.0005326493805961063,0.25399930360120093,0.08696649755687169,1.8162543903238308,0.9418666311624616,INSAT-3DR,INSAT-3DR
23.041137,72.456691,2025-10-29 22:00:00,0.14225561559919137,0.417511622808425,0.3689733765889828,0.08739434398441107,1.1483889617125604,0.925616283444696,INSAT-3DR,INSAT-3DR
23.023389,72.515201,2025-10-29 22:00:00,0.1114547676917649,0.19995625353977375,0.14544823695139383,0.11457037287029073,1.4495848068180053,0.9634406989131088,INSAT-3DR,INSAT-3DR
23.076793,72.627874,2025-10-29 22:00:00,0.0956532363871216,0.25020543438645365,0.37616713479955527,0.11228225934396213,1.0490778243414565,0.9366372813993677,INSAT-3DR,INSAT-3DR
21.613267,73.010555,2025-10-29 22:00:00,0.07760304168194695,0.1318937953236276,0.2881885643666271,0.10026086748753905,1.456070996893249,0.9371064809767301,INSAT-3DR,INSAT-3DR
23.163798,72.677768,2025-10-29 22:00:00,0.13322763060359305,0.4948883254528904,0.2243050006034107,0.09942896030928636,1.5237358168135382,0.9588103921276183,INSAT-3DR,INSAT-3DR
23.243639,72.68994,2025-10-29 22:00:00,0.07071821061392773,0.2415287950861672,0.03975583169146749,0.0960475906440807,1.8396580784853913,0.9037108784244304,INSAT-3DR,INSAT-3DR
23.221714,72.654328,2025-10-29 22:00:00,0.17297897567445214,0.4973417998120575,0.6533202784352269,0.12902509313909227,1.3521171136794619,0.9710955562855331,INSAT-3DR,INSAT-3DR
21.170046,72.795405,2025-10-29 22:00:00,0.11486561487894464,0.3642409178408755,0.38599158680444523,0.09947478413460296,1.5796441902840588,0.9449569306831285,INSAT-3DR,INSAT-3DR
20.362421,72.918013,2025-10-29 22:00:00,0.21757053580255767,0.5669800522892245,0.17512626751465424,0.07565039625528332,1.498282959628079,0.9404429520792965,INSAT-3DR,INSAT-3DR
22.969611,72.6435,2025-10-29 22:00:00,0.06052983539823265,0.34889817530284584,0.21170308635447366,0.1003136447294325,1.6680713647871102,0.9907231237271767,INSAT-3DR,INSAT-3DR
30.379589,76.778328,2025-10-29 22:00:00,0.07468970481163315,0.30842114829721495,0.1226247355300029,0.06959467838210698,1.689616877487218,0.9544883441588823,INSAT-3DR,INSAT-3DR
28.6701,76.9254,2025-10-29 22:00:00,0.1417562250555487,0.32040605845443515,0.12013246853623481,0.0944665645656171,1.2112885931632549,0.9637375044640578,INSAT-3DR,INSAT-3DR
28.3419248,77.319699,2025-10-29 22:00:00,0.14097509656499166,0.3199078489801227,0.5791681033873104,0.10153525900661443,1.2231153691283128,0.9536759874598686,INSAT-3DR,INSAT-3DR
28.806223,76.141105,2025-10-29 22:00:00,0.095947177068405,0.32556756716263885,0.20413493467713803,0.10186316675399486,1.3446927310917258,0.9493489955382457,INSAT-3DR,INSAT-3DR
28.593883,76.270653,2025-10-29 22:00:00,0.06984436408421615,0.05622664610537345,0.23586657136960038,0.09899661464732236,1.2499852964058151,0.9622448002981382,INSAT-3DR,INSAT-3DR
28.2068,76.7997,2025-10-29 22:00:00,0.13657140563433068,0.49026798185496956,0.5228250988180864,0.11729648876982024,1.690679506647596,0.9665246297992494,INSAT-3DR,INSAT-3DR
28.376058,77.315741,2025-10-29 22:00:00,0.10184589448392888,0.10841535822713438,0.4013153951924491,0.09361019858854662,1.6085746696207341,0.9514972261250005,INSAT-3DR,INSAT-3DR
28.4417,77.3217,2025-10-29 22:00:00,0.18259756297764035,0.2635158842635982,0.2575183065951088,0.13136364859054653,1.7144393431876974,0.9702444884690766,INSAT-3DR,INSAT-3DR
28.422681,77.148944,2025-10-29 22:00:00,0.05,0.09544977104669161,0.43766728994207355,0.0921815388095052,1.5484266311348054,0.954987405654553,INSAT-3DR,INSAT-3DR
28.4501238,77.0263051,2025-10-29 22:00:00,0.11605949610972834,0.219630537871778,0.41978294275248335,0.07127492270143765,1.3545357556995445,0.9645103227755075,INSAT-3DR,INSAT-3DR
29.307814,76.337619,2025-10-29 22:00:00,0.12483825469602323,0.3866403649457513,0.5936628705326719,0.12568082013672574,0.7922284549860481,0.9590217642501113,INSAT-3DR,INSAT-3DR
29.8006,76.4155,2025-10-29 22:00:00,0.09332937613791432,0.12489906498361489,0.38702258383957183,0.0931635635950773,1.3846796446514058,0.9352408288734997,INSAT-3DR,INSAT-3DR
29.966942,76.875879,2025-10-29 22:00:00,0.05,-0.012164464395388347,0.1426409055897007,0.07637426386654349,1.50610729899907,0.9735851866922025,INSAT-3DR,INSAT-3DR
27.9002,76.9938,2025-10-29 22:00:00,0.21680080498709625,0.5705419501399093,0.32475182214643633,0.085096644593653,1.467543510566517,0.9494930545049914,INSAT-3DR,INSAT-3DR
28.360699,76.93609,2025-10-29 22:00:00,0.08712526112129283,0.21031522689547694,0.02976464190408341,0.1074767429000334,1.670315264049237,0.9756043054543492,INSAT-3DR,INSAT-3DR
28.060249,76.113115,2025-10-29 22:00:00,0.10345059222965768,0.07829475520527224,0.23113160872160562,0.10796096433018526,1.5723523984207701,0.9563961942047983,INSAT-3DR,INSAT-3DR
28.3153,76.9143,2025-10-29 22:00:00,0.10578238369161021,0.30288384272762064,0.1761962853141137,0.06752522835765541,1.4260179061085705,0.9613497744225995,INSAT-3DR,INSAT-3DR
30.7057778,76.8531805555555,2025-10-29 22:00:00,0.0649799233312632,0.13043976069314966,0.017943715940591593,0.09894989862922696,1.4887888868119605,0.9423481323422523,INSAT-3DR,INSAT-3DR
29.432304,76.972765,2025-10-29 22:00:00,0.09771157924922927,0.3158835230271226,0.32950432393589574,0.0750851509953266,1.6045020140421022,1.0117977921537276,INSAT-3DR,INSAT-3DR
28.52123,76.37138,2025-10-29 22:00:00,0.13067694371917635,0.3382366229143685,0.2911254002606858,0.10404560815242439,1.2510466251661634,0.9494703274342234,INSAT-3DR,INSAT-3DR
29.5364,75.0158,2025-10-29 22:00:00,0.05,0.10406833833785,0.12145223865028278,0.11933088501041225,1.36473336971115,0.9119012844516422,INSAT-3DR,INSAT-3DR
29.0272,77.0621,2025-10-29 22:00:00,0.12954332432311585,0.26520541149852606,0.22681259982947446,0.09362307289010538,1.1883854528292974,1.0066699122378855,INSAT-3DR,INSAT-3DR
30.943887,76.801991,2025-10-29 22:00:00,0.09713484012909904,0.2611817579445611,0.22941413120257712,0.07178400612745889,1.5728217088485337,0.9063101452989638,INSAT-3DR,INSAT-3DR
34.066206,74.81982,2025-10-29 22:00:00,0.13034310522375483,0.4107720236526062,0.1031853377321714,0.11182272235847865,2.063197180744546,0.9021843569134952,INSAT-3DR,INSAT-3DR
23.80569,86.44268,2025-10-29 22:00:00,0.10019147663486036,0.08062172052485758,0.5661073178266255,0.09990389627345425,1.3812476887197331,0.924867054987419,INSAT-3DR,INSAT-3DR
15.888653,74.541751,2025-10-29 22:00:00,0.12509233678333812,0.35061420522729314,0.26212547066288444,0.10273493294798462,1.4750955151122271,0.9032365509261345,INSAT-3DR,INSAT-3DR
12.9135218,77.5950804,2025-10-29 22:00:00,0.052114687924170594,0.16314370477815843,0.24831558629087422,0.08108273384207351,1.5519915987287383,0.9510642439420708,INSAT-3DR,INSAT-3DR
12.9352049,77.6814488,2025-10-29 22:00:00,0.07562366565852142,0.34487752722257226,0.10636318399128476,0.09469524919059596,1.8668404071712548,0.9619679601524084,INSAT-3DR,INSAT-3DR
12.951913,77.539784,2025-10-29 22:00:00,0.08420114789814716,0.1825313408133306,0.6504893754019315,0.06471103655538883,1.5582013724927628,0.9562728073481563,INSAT-3DR,INSAT-3DR
12.9756843,77.5660749,2025-10-29 22:00:00,0.14996839533615963,0.4421835644275944,0.6748032504282018,0.08817443981260589,1.2086824053481273,0.9873168910457054,INSAT-3DR,INSAT-3DR
13.029152,77.585901,2025-10-29 22:00:00,0.05,0.08987279628893544,0.16411381852788381,0.08219245883479845,1.62552224251849,0.9318638454794628,INSAT-3DR,INSAT-3DR
12.938539,77.5901,2025-10-29 22:00:00,0.1952819794759555,0.3981079468472632,0.019529143617732697,0.08737125945033634,1.2522707745771848,0.9692115580741797,INSAT-3DR,INSAT-3DR
12.920984,77.584908,2025-10-29 22:00:00,0.05,0.10710165586083091,0.221980169800084,0.10669788883504586,1.3208008293660427,0.9228006161976164,INSAT-3DR,INSAT-3DR
12.7816279,77.6299145,2025-10-29 22:00:00,0.1780566660592509,0.49395120328604547,0.6230895761915661,0.10642582941514776,1.1696780806563432,0.9410560121386002,INSAT-3DR,INSAT-3DR
13.003872,77.664217,2025-10-29 22:00:00,0.16574331043162271,0.4418495471578075,0.10599056376427413,0.11426344730497225,1.4542529947482496,0.9221881027813588,INSAT-3DR,INSAT-3DR
13.0270199,77.494094,2025-10-29 22:00:00,0.05,0.2350663944921611,0.3758524015718086,0.12163028172599483,1.000430576086544,0.9562599260906965,INSAT-3DR,INSAT-3DR
12.921418,77.502466,2025-10-29 22:00:00,0.22124548515559406,0.5495747050716027,0.05401685797482768,0.048720920640402225,1.480429845956975,0.9343024750728475,INSAT-3DR,INSAT-3DR
12.990328,77.5431385,2025-10-29 22:00:00,0.20530124971166241,0.5233564730774356,0.3599612723397949,0.0821296981496144,1.7177229402638705,0.9541892393946039,INSAT-3DR,INSAT-3DR
13.0246342,77.5080115,2025-10-29 22:00:00,0.09674132077254095,0.29047042607793977,0.18770288979726138,0.10326132687771156,1.2874984848979398,0.9476860703416866,INSAT-3DR,INSAT-3DR
12.917348,77.622813,2025-10-29 22:00:00,0.1470449480227355,0.46717827119970895,0.04107039886755838,0.10806549126074344,1.6492497078863797,0.9364369507760488,INSAT-3DR,INSAT-3DR
11.55358,76.55521,2025-10-29 22:00:00,0.10877456561466248,0.21832823452457084,0.6265135464906219,0.12714922731366599,1.8583341421047068,0.9917598736502018,INSAT-3DR,INSAT-3DR
13.328028,75.797056,2025-10-29 22:00:00,0.1520524108099731,0.34514585264711994,0.2330204621735176,0.06911132303503512,1.6942843729632413,0.9635303310956198,INSAT-3DR,INSAT-3DR
14.4758,75.9052,2025-10-29 22:00:00,0.06173391851056245,-0.01738287070982225,0.12140281221396663,0.11406130293482204,1.3944629611166082,0.9551391487636789,INSAT-3DR,INSAT-3DR
15.459706,75.008381,2025-10-29 22:00:00,0.12254575069976097,0.47980768592814105,0.1827230275738361,0.14210594858916625,2.1480278297273614,0.9679041047003725,INSAT-3DR,INSAT-3DR
15.411456,75.638133,2025-10-29 22:00:00,0.1468148718387297,0.4465558657609763,0.13687812431241114,0.09782624566826696,1.4243446910845183,0.9267040120526175,INSAT-3DR,INSAT-3DR
14.7918,75.3896,2025-10-29 22:00:00,0.1236673910104474,0.338463660878002,0.09509794898078963,0.10972619986700444,1.5188558587228558,0.929272702317358,INSAT-3DR,INSAT-3DR
15.351773,75.140726,2025-10-29 22:00:00,0.0751355876394344,0.3640517354064951,0.16523020074033032,0.1099720963697446,1.6507471274356897,0.9687744723247631,INSAT-3DR,INSAT-3DR
15.3714823,75.1160168,2025-10-29 22:00:00,0.05550972594619547,0.16946938987674132,0.06446381235455792,0.07565192413006097,1.200326202906833,0.9728663964792313,INSAT-3DR,INSAT-3DR
17.321993,76.822628,2025-10-29 22:00:00,0.08344480756139927,0.1059002764816198,0.10548840324025711,0.12198974050666163,1.4622576800520333,0.9264496276818671,INSAT-3DR,INSAT-3DR
17.336318,76.847397,2025-10-29 22:00:00,0.12797983249510705,0.3337391588252583,0.5661449266361064,0.11927850846111143,1.48491736381876,0.9831788060686313,INSAT-3DR,INSAT-3DR
15.34763,76.181767,2025-10-29 22:00:00,0.05,0.22179455131409392,0.2731642097778833,0.09912941066990667,1.4170595226546066,0.9359468450976669,INSAT-3DR,INSAT-3DR
12.415911,75.73505,2025-10-29 22:00:00,0.05,0.052619625564832975,0.32976634809876004,0.10138674323430696,1.3571007817393803,0.9530668953520423,INSAT-3DR,INSAT-3DR
12.88925,74.853,2025-10-29 22:00:00,0.14609843965648028,0.438080620448155,0.29594308377640444,0.09290462957682472,1.5218681152681819,0.9759165414354538,INSAT-3DR,INSAT-3DR
12.21041,76.37376,2025-10-29 22:00:00,0.14498791806605493,0.13838512076286347,0.1675182341397285,0.1204007301380418,1.7367840967702746,0.9361613735532271,INSAT-3DR,INSAT-3DR
12.733409,77.298051,2025-10-29 22:00:00,0.1664613374461289,0.4321141683554054,0.27381273776887544,0.1464200799212361,1.6206956083335968,0.9318410857295476,INSAT-3DR,INSAT-3DR
13.94,75.555917,2025-10-29 22:00:00,0.11470300131908788,0.3629247219272199,0.30439914724996897,0.09005291257171814,1.4317380307580303,0.9606908722691238,INSAT-3DR,INSAT-3DR
13.377516,77.099072,2025-10-29 22:00:00,0.1497947941606626,0.3886174978121375,0.07799473747417748,0.11477646566900732,1.7560664607743457,0.9411113341415416,INSAT-3DR,INSAT-3DR
13.34194444,74.74694444,2025-10-29 22:00:00,0.10953395676220642,0.27933914763362044,0.12550157131236594,0.10267916761160471,1.2406332305664054,0.9368557658357781,INSAT-3DR,INSAT-3DR
16.802639,75.722694,2025-10-29 22:00:00,0.07837940073135383,0.18650667561477982,0.18629865785411306,0.10796896091024002,1.5490808122411623,0.9640662612291518,INSAT-3DR,INSAT-3DR
16.7602,77.1428,2025-10-29 22:00:00,0.11055049756002938,0.4410130835075732,0.5934034500189013,0.08563870432763472,1.6249164618634488,0.927979338282327,INSAT-3DR,INSAT-3DR
10.073232,76.302765,2025-10-29 22:00:00,0.1256719400399374,0.24104738940498266,0.4250926231227129,0.07653508620104665,1.5709747605872093,0.9326230784336313,INSAT-3DR,INSAT-3DR
11.875,75.3732,2025-10-29 22:00:00,0.16985536585594546,0.3292495057985324,0.35429311626481175,0.07937949449705387,1.3307573429424528,0.9676646515061795,INSAT-3DR,INSAT-3DR
8.8787,76.6073,2025-10-29 22:00:00,0.13977978988937684,0.22619186926189389,0.30776158918721136,0.07116709706978375,1.6653405948762963,0.9335340786148457,INSAT-3DR,INSAT-3DR
8.5637,76.8865,2025-10-29 22:00:00,0.10402082803070067,0.26327749298284736,0.6272976095313234,0.07705680977976578,1.505692689683831,0.9504345898197945,INSAT-3DR,INSAT-3DR
8.5149093,76.9435879,2025-10-29 22:00:00,0.05,0.24095962893754977,0.15395322045598334,0.14418367933377357,1.8784383521666137,0.9323256171861787,INSAT-3DR,INSAT-3DR
10.5324,76.2159,2025-10-29 22:00:00,0.07801518118653149,0.10796517580195458,0.3283080109753143,0.09682924615167088,1.316396187672207,0.9518475358327985,INSAT-3DR,INSAT-3DR
23.264759,77.381568,2025-10-29 22:00:00,0.05,0.13934265668574933,0.5644928938596597,0.06454842869277091,1.7271895691887644,0.9469200466960433,INSAT-3DR,INSAT-3DR
23.210494,77.425409,2025-10-29 22:00:00,0.10856892581960027,0.3152635844986652,0.13381858530600835,0.10674964149452798,1.4473384386244168,0.9468595034311058,INSAT-3DR,INSAT-3DR
23.233584,77.400574,2025-10-29 22:00:00,0.056158619495958746,0.2995365855161773,0.3760504356951563,0.12106000054597482,1.4877804983988263,0.9350240040795988,INSAT-3DR,INSAT-3DR
23.81748678,79.446246,2025-10-29 22:00:00,0.13750674539082233,0.46047894227738556,0.1697069302969916,0.12165999877033737,1.2847237625195884,0.9365241978868104,INSAT-3DR,INSAT-3DR
22.9682591,76.064118,2025-10-29 22:00:00,0.164543524830655,0.14009755569559373,0.2887286819310331,0.09245764252613105,1.3895477495774782,0.9280571270074237,INSAT-3DR,INSAT-3DR
26.203442,78.193251,2025-10-29 22:00:00,0.23126223000760093,0.7649017754351375,0.05979741725937391,0.09873452080206169,1.368050271749207,0.9696770468721229,INSAT-3DR,INSAT-3DR
26.259242,78.216432,2025-10-29 22:00:00,0.12296099319549952,0.2597473406668247,0.1529479229247968,0.09379557985500532,1.4468878974962918,0.9774020370722074,INSAT-3DR,INSAT-3DR
26.200388,78.147714,2025-10-29 22:00:00,0.17663164531274592,0.438351423871603,0.13447749409327248,0.07147963765759097,1.5787746436329486,0.9665864754516572,INSAT-3DR,INSAT-3DR
22.7289,75.8076,2025-10-29 22:00:00,0.08508409044098444,0.24183050161626435,0.14512325502761445,0.09957309395655173,1.3737194888866884,0.9510505273643063,INSAT-3DR,INSAT-3DR
22.431,75.5213,2025-10-29 22:00:00,0.07886913133207062,0.23321699595945383,0.3246465828824919,0.0879018647214365,1.5995576618835554,0.9607482400564076,INSAT-3DR,INSAT-3DR
22.7524,75.8872,2025-10-29 22:00:00,0.14878172841722545,0.20252873144355585,0.41360028857047654,0.07887551918663935,1.4227355049105648,0.9058941125448818,INSAT-3DR,INSAT-3DR
22.678,75.8559,2025-10-29 22:00:00,0.18615487336398442,0.3308662163291008,0.14532007470929792,0.09684324980319481,1.5616584127277642,0.9379922861425778,INSAT-3DR,INSAT-3DR
22.7084,75.8815,2025-10-29 22:00:00,0.12364935114493418,0.31645705234014915,0.44324800693970323,0.10528541146123609,1.4275304884907796,0.9648364458878025,INSAT-3DR,INSAT-3DR
23.163174,79.973061,2025-10-29 22:00:00,0.11206824335651432,0.17197917151997247,0.1980749629322979,0.11820431567329491,1.4632943655685693,0.9258160257752078,INSAT-3DR,INSAT-3DR
23.142888,79.916147,2025-10-29 22:00:00,0.1195037508315076,0.31010498108442425,0.3939649752926162,0.11281921598406193,1.2919602578089053,0.9639763134056095,INSAT-3DR,INSAT-3DR
23.168606,79.932247,2025-10-29 22:00:00,0.18910767208355242,0.4412609874179887,0.13766859448242402,0.07618166988052547,1.635745613855884,0.9314172731898048,INSAT-3DR,INSAT-3DR
23.218135,79.95777,2025-10-29 22:00:00,0.05996565736991873,0.11523698574812562,0.12966261790625103,0.09807306737011415,1.6917632612935345,0.9725537258903285,INSAT-3DR,INSAT-3DR
23.50016,80.23284,2025-10-29 22:00:00,0.05,0.22284578056665502,0.10845477614784321,0.09629804701157563,1.7424258408466973,0.9252082397494994,INSAT-3DR,INSAT-3DR
24.2613009,80.7231783,2025-10-29 22:00:00,0.14705868360341706,0.4777797254974977,0.47106407404400974,0.14408372335772446,1.746681215270534,0.9498462200855725,INSAT-3DR,INSAT-3DR
23.10844,77.511428,2025-10-29 22:00:00,0.09727287757354316,0.37378941432102086,0.3320008315966244,0.12784077503174182,1.5222258750593025,0.9763639413446805,INSAT-3DR,INSAT-3DR
22.624758,75.675238,2025-10-29 22:00:00,0.05,0.08067365351820971,0.24426208403268537,0.09017940603844025,1.527805737390625,0.9490975421935189,INSAT-3DR,INSAT-3DR
23.331731,75.045981,2025-10-29 22:00:00,0.07037217147210914,0.16456375977212934,0.2562395342290904,0.0913540964178534,1.754542946794253,0.9266103874159396,INSAT-3DR,INSAT-3DR
23.838586,78.759431,2025-10-29 22:00:00,0.08061816124317182,0.47954176553028516,0.12353209172559507,0.09314586892773473,1.9291649850152977,0.9191012815569319,INSAT-3DR,INSAT-3DR
24.58434363,80.8549414,2025-10-29 22:00:00,0.05,-0.024918120195769833,0.29236430219456716,0.1278051065502398,1.8574692828859651,0.945073294376403,INSAT-3DR,INSAT-3DR
24.10897,82.64558,2025-10-29 22:00:00,0.05,0.042912107759031315,0.17916166621698454,0.08644815140443098,1.4656652692150434,0.9719696975210363,INSAT-3DR,INSAT-3DR
19.87562,75.38731,2025-10-29 22:00:00,0.13454973499822112,0.34282493478181,0.39366537538113805,0.14115622354195526,1.212317766641088,0.9396965820181596,INSAT-3DR,INSAT-3DR
19.8389439,75.244448,2025-10-29 22:00:00,0.11034072181896913,0.31979707359322185,0.29330159766348307,0.0992736813316816,1.1116282681241187,0.949923917326584,INSAT-3DR,INSAT-3DR
19.863756,75.321188,2025-10-29 22:00:00,0.05,0.05853489024979375,0.10166672061999782,0.11760131925914685,1.213238835214317,0.9566022758094188,INSAT-3DR,INSAT-3DR
19.10122,74.73339,2025-10-29 22:00:00,0.07596613320208885,0.15334762475217012,0.30481782190950174,0.10165841118619161,1.412452535519135,0.9536397976524559,INSAT-3DR,INSAT-3DR
20.719516,77.000253,2025-10-29 22:00:00,0.13864096906709222,0.33677143792229297,0.04479596310307222,0.07431225927854972,1.7951758301007932,0.959828910217888,INSAT-3DR,INSAT-3DR
20.9402359,77.7895248,2025-10-29 22:00:00,0.10521261512058115,0.14932824948670415,0.11930489621727357,0.08278860421154877,1.770560106979345,0.9406685185759445,INSAT-3DR,INSAT-3DR
20.939198,77.765701,2025-10-29 22:00:00,0.08523315431512363,-0.048730434081418944,0.14412404673332618,0.07309329025169517,1.4437671915070887,0.960106742952947,INSAT-3DR,INSAT-3DR
19.16485,73.23409,2025-10-29 22:00:00,0.143058634162446,0.16767955732022685,0.3448148349644024,0.0843630625195332,1.34679095951992,0.9407746589900338,INSAT-3DR,INSAT-3DR
19.0243902,73.0406721,2025-10-29 22:00:00,0.05,0.15859681734405767,0.15878663671591836,0.0698694948392177,1.2991418873011493,0.9263603600786355,INSAT-3DR,INSAT-3DR
19.309073,73.057223,2025-10-29 22:00:00,0.16646535060898893,0.34633719164733306,0.22710827066055314,0.0972146258666483,1.2584481214913295,0.9661822558146276,INSAT-3DR,INSAT-3DR
19.786089,72.757971,2025-10-29 22:00:00,0.07418062059278183,0.1371531588746705,0.42058097387360416,0.10258736013407638,1.0238521788953006,0.9134063636958383,INSAT-3DR,INSAT-3DR
19.9629,79.298714,2025-10-29 22:00:00,0.14746501696900854,0.4723806829874264,0.15459289707801255,0.11506808741758372,1.3227919506043246,0.9433484124030025,INSAT-3DR,INSAT-3DR
19.9775302,79.2337086,2025-10-29 22:00:00,0.15182367652846912,0.6294022396933223,0.38286909823039955,0.10216028241959002,1.3186702909691415,0.9691598788296003,INSAT-3DR,INSAT-3DR
20.918946,74.776388,2025-10-29 22:00:00,0.1498439475915884,0.27200178455940854,0.5480976226252807,0.08156693760443476,1.587715858184201,0.9225994674527114,INSAT-3DR,INSAT-3DR
21.001264,75.565602,2025-10-29 22:00:00,0.16993548027964678,0.3990341491380008,0.4015792369070842,0.07553559539876141,1.7849255464154488,0.9810249053285546,INSAT-3DR,INSAT-3DR
19.854616,75.905894,2025-10-29 22:00:00,0.16078099129662743,0.32579369173794653,0.17683507489819217,0.15080782195362868,0.9593303905785285,0.9567871162551244,INSAT-3DR,INSAT-3DR
19.25292,73.142019,2025-10-29 22:00:00,0.09925879682580098,0.24065433645265766,0.15686215856031838,0.09321377625723683,1.491732559038166,0.9503919923315525,INSAT-3DR,INSAT-3DR
19.192056,72.9585188,2025-10-29 22:00:00,0.07654516467342479,0.24925577654068543,0.35707094563817415,0.10136245700281304,1.362865016481974,0.9664059674901793,INSAT-3DR,INSAT-3DR
16.6870449,74.2505872,2025-10-29 22:00:00,0.06911899751194306,0.24239070387394263,0.28017847303081744,0.06498048851189545,1.4645016232451433,0.9516488353326968,INSAT-3DR,INSAT-3DR
16.7143745,74.2426398,2025-10-29 22:00:00,0.09820072815875719,0.08755819052513308,0.11775672925721811,0.10850266493427443,1.5794794046918468,0.9350508869208357,INSAT-3DR,INSAT-3DR
18.39963,76.57452,2025-10-29 22:00:00,0.10264156399608577,0.11631729426942897,0.1694277492671208,0.09394229512402014,1.7692199589028514,0.9461339154710405,INSAT-3DR,INSAT-3DR
18.1023399,73.4783687,2025-10-29 22:00:00,0.19024592079516134,0.47342912724369096,0.3133266834159111,0.11032529832559998,1.4733993672139873,0.9235821543498768,INSAT-3DR,INSAT-3DR
20.555712,74.529236,2025-10-29 22:00:00,0.22381701939591214,0.5125661020560667,0.19757630022899705,0.10507474593549666,1.141384720417522,0.9442418784626415,INSAT-3DR,INSAT-3DR
19.296481,72.840923,2025-10-29 22:00:00,0.12891859988243692,0.2953013100235759,0.08254293725971254,0.13089969590764733,1.3239976036618473,0.9553836184051031,INSAT-3DR,INSAT-3DR
19.053536,72.84643,2025-10-29 22:00:00,0.10587731035025566,0.14691713007650337,0.5593132591608798,0.08991403968374755,1.3784352214768751,0.9146922482594004,INSAT-3DR,INSAT-3DR
19.065931,72.862131,2025-10-29 22:00:00,0.20371374099651618,0.3803362937703217,0.31648278131851404,0.11303767895873935,1.3380550328465433,0.9537560067608504,INSAT-3DR,INSAT-3DR
19.23241,72.86895,2025-10-29 22:00:00,0.07730796316731682,0.21360585391816883,0.2771558156616692,0.11534958689108261,1.4996571692661873,0.9717907316615327,INSAT-3DR,INSAT-3DR
19.2243333,72.8658113,2025-10-29 22:00:00,0.2349370552666653,0.44347062806097637,0.22487044410573925,0.06755069338214881,1.5730788483850282,0.9492167576911448,INSAT-3DR,INSAT-3DR
18.9767,72.838,2025-10-29 22:00:00,0.08393998811675114,0.0048985186730453045,0.2040474107613253,0.068637113731599,1.5914426127385028,0.9421323540451069,INSAT-3DR,INSAT-3DR
19.11074,72.86084,2025-10-29 22:00:00,0.07854576913652092,0.12032805871968923,0.2644287767867193,0.10270106331624454,1.4205769336864293,0.949170564440017,INSAT-3DR,INSAT-3DR
19.0364585,72.8954371,2025-10-29 22:00:00,0.06171470544007368,0.33395328376768596,0.19010263327775354,0.11105810457198964,1.3126815987512717,0.9721246311771994,INSAT-3DR,INSAT-3DR
19.10078,72.87462,2025-10-29 22:00:00,0.12670160138111056,0.34247934556392656,0.1876404901433044,0.0862976804071454,1.2461417789513791,0.9807231354570989,INSAT-3DR,INSAT-3DR
18.91,72.82,2025-10-29 22:00:00,0.11110072422677661,0.30766038396905215,0.465514230501897,0.11728496769397273,0.9584912289237645,0.9356002093355612,INSAT-3DR,INSAT-3DR
19.04946,72.923,2025-10-29 22:00:00,0.07046352629961336,0.05080821451185724,0.2768292747038532,0.10493618636361705,1.5738032875650334,0.952485713897017,INSAT-3DR,INSAT-3DR
19.083694,72.920967,2025-10-29 22:00:00,0.16346947506346746,0.4863673579518203,0.3637693123384229,0.09369467332167489,1.5536100855179507,0.9643034878025611,INSAT-3DR,INSAT-3DR
19.2058,72.8682,2025-10-29 22:00:00,0.11411073201589776,0.28688930882979163,0.3630088093764724,0.06446348676847952,1.5946290906535574,0.9359417712392086,INSAT-3DR,INSAT-3DR
19.215859,72.831718,2025-10-29 22:00:00,0.10477631479536965,0.3085839157296558,0.4738834014124088,0.07740300285562882,1.335232626071769,0.9738218136629238,INSAT-3DR,INSAT-3DR
19.0632143,72.8456324,2025-10-29 22:00:00,0.10932399060390159,0.051332181764568885,0.05259536680872646,0.052147837036054745,1.792450920806946,0.9441909216754442,INSAT-3DR,INSAT-3DR
19.1653323,72.922099,2025-10-29 22:00:00,0.17029375664530458,0.5686104078169385,0.44683894657488793,0.12096799775627082,1.4837865789129165,0.984891677401505,INSAT-3DR,INSAT-3DR
19.0863,72.8888,2025-10-29 22:00:00,0.15965834474003954,0.45597319956537724,0.293316070872506,0.10127080101004673,1.3384817319803408,0.9455305498952612,INSAT-3DR,INSAT-3DR
19.19709,72.82204,2025-10-29 22:00:00,0.06442485097151307,0.3394543869489596,0.6205770829121505,0.11229889278062757,1.6019366154484658,0.9662341114322652,INSAT-3DR,INSAT-3DR
18.96702,72.84214,2025-10-29 22:00:00,0.133262589052061,0.6266970932689994,0.1301946780948917,0.11839496957980854,1.1864023468879465,0.92015075459988,INSAT-3DR,INSAT-3DR
19.1878657,72.8304069,2025-10-29 22:00:00,0.06660093395676829,0.07428344434875798,0.10818615600363012,0.1178846554900187,1.3467354950437147,0.9447090820259055,INSAT-3DR,INSAT-3DR
19.175,72.9419,2025-10-29 22:00:00,0.13495466597131242,0.14322988486625893,0.16373665897506642,0.0999538842525835,1.4976708902331695,0.9548022899544372,INSAT-3DR,INSAT-3DR
18.897756,72.81332,2025-10-29 22:00:00,0.13701200295949822,0.513670182977159,0.4006937962001758,0.10564068438418686,1.6437305256511494,0.9585209297448999,INSAT-3DR,INSAT-3DR
19.1375,72.915056,2025-10-29 22:00:00,0.1083247710964286,0.15190972181847306,0.6124586588761204,0.09569302630343447,1.6985914260905928,0.9450061165506641,INSAT-3DR,INSAT-3DR
19.000084,72.85673,2025-10-29 22:00:00,0.09824417289836526,0.24667405908078127,0.08903799779096143,0.09468814733475178,1.41555801487644,0.9641296952116291,INSAT-3DR,INSAT-3DR
19.060498,72.923356,2025-10-29 22:00:00,0.17257581752420204,0.5513038047100515,0.08993006278747237,0.1449887516839258,1.3184772933533837,0.973363368029082,INSAT-3DR,INSAT-3DR
19.000083,72.813993,2025-10-29 22:00:00,0.13528039716859366,0.17417740625513714,0.4661347480414326,0.1334573640379706,1.5518267310168679,0.9403066548253312,INSAT-3DR,INSAT-3DR
19.047,72.8746,2025-10-29 22:00:00,0.08566888180098574,0.15561002098589155,0.10103801928897771,0.13384659441354435,1.0347872573221657,0.9406174068135182,INSAT-3DR,INSAT-3DR
19.10861,72.83622,2025-10-29 22:00:00,0.09646609513492675,0.22371678717561438,0.41616493912736874,0.08912786207813896,1.8532479720598811,0.9600397531477766,INSAT-3DR,INSAT-3DR
18.9936162,72.8128113,2025-10-29 22:00:00,0.08898121701287416,0.1503796438146423,0.3864082446910496,0.082722680672086,1.415387879794844,0.9558668708385445,INSAT-3DR,INSAT-3DR
21.121801,79.04952,2025-10-29 22:00:00,0.20796652725371897,0.4714208754544711,0.2509807080874049,0.06459037724447844,1.4838150093436393,0.9475869411452041,INSAT-3DR,INSAT-3DR
21.14472,79.107595,2025-10-29 22:00:00,0.1016534307707251,0.12400831448760297,0.07169202844699629,0.10886795901272114,1.5202620566442504,0.9341413690012024,INSAT-3DR,INSAT-3DR
21.152875,79.0517531,2025-10-29 22:00:00,0.2397164779587957,0.6733668327472999,0.41015108195866157,0.08490267606856158,1.8386651271480765,0.9506135035214142,INSAT-3DR,INSAT-3DR
21.143383,79.048912,2025-10-29 22:00:00,0.07849920733091101,0.19681658813124522,0.32984701684850637,0.1189829832334969,1.4641882447897707,0.9517820153340775,INSAT-3DR,INSAT-3DR
19.173852,77.296291,2025-10-29 22:00:00,0.1771413913489056,0.513126045699393,0.22485562055096295,0.0838801653788117,1.6981916374071324,0.9439593795443447,INSAT-3DR,INSAT-3DR
20.0073285,73.7762427,2025-10-29 22:00:00,0.08331459287723228,0.363916561744674,0.28368170398054554,0.08277273894100903,1.6690782766556145,0.9060417310885197,INSAT-3DR,INSAT-3DR
20.021503,73.813844,2025-10-29 22:00:00,0.07253864609439017,0.17659687069048915,0.2782115130579514,0.08370263702181313,1.1798525688110915,0.9118390411886084,INSAT-3DR,INSAT-3DR
19.95022,73.73148,2025-10-29 22:00:00,0.11791522978521658,0.22746955081673265,0.10521039432674556,0.10461394636668869,1.3322063120711645,0.93751830509925,INSAT-3DR,INSAT-3DR
19.9591346,73.7788008,2025-10-29 22:00:00,0.07856459029728416,0.15526235162108235,0.3502626380172596,0.0705099462590353,1.5551968985824944,0.9908451568102158,INSAT-3DR,INSAT-3DR
19.090337,73.014232,2025-10-29 22:00:00,0.14527295254708616,0.42277551607163205,0.3204278458464525,0.10784461351109133,1.1697437152752534,0.9618506743917449,INSAT-3DR,INSAT-3DR
19.1135051,73.008978,2025-10-29 22:00:00,0.11080468719486539,0.3503465412560673,0.10829069138941123,0.07428000586967012,1.4009015710964208,0.8830489880702481,INSAT-3DR,INSAT-3DR
19.008751,73.01662,2025-10-29 22:00:00,0.09619553801512574,0.26355463755865005,0.3409578310685557,0.09007444933820602,1.8428328714831115,0.9293252839887555,INSAT-3DR,INSAT-3DR
19.0575752,73.0151367,2025-10-29 22:00:00,0.10293442423857474,0.14934507651035608,0.3478420180999474,0.11706330612826385,1.4426015628418003,0.973009741000667,INSAT-3DR,INSAT-3DR
19.02579,73.10297,2025-10-29 22:00:00,0.10415485838381291,0.22860812456830118,0.46819089449181556,0.1135570794968206,1.8292658415390912,0.9701571379490982,INSAT-3DR,INSAT-3DR
19.063,73.1209,2025-10-29 22:00:00,0.05,0.06116967585691162,0.25963410472496723,0.11405066627867712,1.2962126659214703,0.9178969713964001,INSAT-3DR,INSAT-3DR
19.265594,76.761463,2025-10-29 22:00:00,0.07537665416227593,0.0632809697084585,0.5798973322636856,0.10007922561849175,1.3817112360921122,0.9654004497426141,INSAT-3DR,INSAT-3DR
18.63673,73.82487,2025-10-29 22:00:00,0.1243838782987837,0.32063408704086394,0.14791543101246657,0.09315702697745523,1.5460111223091002,0.9524694462901707,INSAT-3DR,INSAT-3DR
18.59051,73.77946,2025-10-29 22:00:00,0.07896454208328926,0.39182212556077267,0.19587631923597457,0.09418370774584826,1.4235316118048693,0.9523662229623333,INSAT-3DR,INSAT-3DR
18.614767,73.799516,2025-10-29 22:00:00,0.08198962219355738,0.2161340271740448,0.5642478728364451,0.12004472333405851,1.3564190214181575,0.9841841430870593,INSAT-3DR,INSAT-3DR
18.616318,73.765797,2025-10-29 22:00:00,0.2136183017065656,0.6193137918491151,0.38913601657164704,0.07747772048442521,1.2025280166548513,0.958213479465496,INSAT-3DR,INSAT-3DR
18.60577,73.749976,2025-10-29 22:00:00,0.05,0.0750364596887517,0.20783889695632377,0.1192469033853314,1.285738334465805,0.9724565098777055,INSAT-3DR,INSAT-3DR
18.501793,73.927532,2025-10-29 22:00:00,0.10248761055958984,0.20632391402638278,0.22225334959995144,0.08497488812610653,1.5277885619408031,0.946790728963659,INSAT-3DR,INSAT-3DR
18.45445,73.854155,2025-10-29 22:00:00,0.14303215133664482,0.3628166680619383,0.1630874202364456,0.12706907295242406,1.6740898339482615,0.9917082124418429,INSAT-3DR,INSAT-3DR
18.57304,73.927715,2025-10-29 22:00:00,0.13855785497884526,0.3789492189793204,0.878563393877836,0.11960525905443367,2.013130314967126,0.9521497143666283,INSAT-3DR,INSAT-3DR
18.536457,73.805454,2025-10-29 22:00:00,0.09512578654725684,0.20460599170072255,0.4494490704652797,0.1064500932057981,1.4887970656332656,0.9550601697335558,INSAT-3DR,INSAT-3DR
18.530085,73.849598,2025-10-29 22:00:00,0.08608658770652343,0.16449491450575407,0.27388515826706344,0.09513843887841585,1.6727743319104014,0.9422296795528708,INSAT-3DR,INSAT-3DR
18.547056,73.826908,2025-10-29 22:00:00,0.05,0.22536907111120022,0.1666260773940508,0.09172210115450287,1.174053366950761,0.9611261802407298,INSAT-3DR,INSAT-3DR
18.664282,73.763966,2025-10-29 22:00:00,0.05,0.20195651437810075,0.6089822488707517,0.09101992759256934,1.6347272731417246,0.8942918825454863,INSAT-3DR,INSAT-3DR
16.5038,74.3623,2025-10-29 22:00:00,0.17157647257883718,0.43194060531641054,0.13303277180411666,0.11195075411789457,1.189343349494604,0.9633189767566812,INSAT-3DR,INSAT-3DR
17.6336264,75.9132495,2025-10-29 22:00:00,0.11006647402395303,0.19634427458825082,0.03332331797206761,0.12352980875270064,1.3456580625883259,0.9758141103062425,INSAT-3DR,INSAT-3DR
17.65439,75.90649,2025-10-29 22:00:00,0.18648404186225886,0.44021171213037663,0.2217026989878112,0.09687045247753684,1.1976425708062128,0.9606994134472754,INSAT-3DR,INSAT-3DR
19.26777,72.97182,2025-10-29 22:00:00,0.08682520726088098,0.10627773619655137,0.0514920246212623,0.1353867464680125,1.5399014652877776,0.9899456100456929,INSAT-3DR,INSAT-3DR
19.222279,72.957979,2025-10-29 22:00:00,0.06755300399275896,0.04078842998196264,0.04732073899640483,0.09872509428992068,1.3600069327918933,0.9455239389789807,INSAT-3DR,INSAT-3DR
19.235581,73.159121,2025-10-29 22:00:00,0.053765671103349774,0.22232801016232842,0.17811118118822789,0.12193085591950428,1.097399873538064,0.9126019463416717,INSAT-3DR,INSAT-3DR
19.445821,72.7988231,2025-10-29 22:00:00,0.07080653266008483,0.08663077745497844,0.30481814822601405,0.09269694773603573,1.5948084623024412,0.963921308341541,INSAT-3DR,INSAT-3DR
25.5803419,91.8942571,2025-10-29 22:00:00,0.09342035794587475,0.1957654059861975,0.40445915449919523,0.11160145788155108,1.5182602342119338,0.9767276360690638,INSAT-3DR,INSAT-3DR
25.5586,91.8985,2025-10-29 22:00:00,0.12017109042709498,0.24420715644571106,0.22310954196008173,0.101986276299027,1.356950296236482,0.9361164652822929,INSAT-3DR,INSAT-3DR
25.6635413,94.0989878,2025-10-29 22:00:00,0.13721617681054166,0.3957690959955491,0.6210080016166271,0.08997061153283054,1.5010740757672005,0.9406120367512905,INSAT-3DR,INSAT-3DR
20.832874,85.104082,2025-10-29 22:00:00,0.19324878997411848,0.253727816450644,0.24861758792423977,0.11482147561364572,1.3792040226785551,0.9279703248604608,INSAT-3DR,INSAT-3DR
21.51161,86.89088,2025-10-29 22:00:00,0.05,0.08873971663203048,0.10006473982028165,0.07622929092077799,1.8977640107567588,0.9495582737001684,INSAT-3DR,INSAT-3DR
22.1166054,85.3945546,2025-10-29 22:00:00,0.07759144350296947,0.20638278953462583,0.5984330955691659,0.0950655115177112,1.7372922074660648,0.9121715221630018,INSAT-3DR,INSAT-3DR
21.941841,86.728318,2025-10-29 22:00:00,0.08474604573318968,0.31797377714886055,0.14026824491255338,0.08865272388785787,1.6273340307391664,0.9540316022839919,INSAT-3DR,INSAT-3DR
20.24079,85.836784,2025-10-29 22:00:00,0.12160963891721763,0.5547736210789275,0.5541404386992159,0.05949920172647655,1.917549197175029,0.9414734637026347,INSAT-3DR,INSAT-3DR
20.34652,85.8163,2025-10-29 22:00:00,0.10496678813933849,0.34877410626192745,0.21065697691524646,0.10283064264299399,1.8347053683435186,0.9675337495175019,INSAT-3DR,INSAT-3DR
21.8004996,83.8396977,2025-10-29 22:00:00,0.07998950851179923,0.3979812946239,0.18192346838500398,0.09244470224955047,1.84793305039409,0.9517056813746647,INSAT-3DR,INSAT-3DR
20.94185,86.1151,2025-10-29 22:00:00,0.05,0.016302474634939404,0.14527391434108025,0.07758305692868861,1.49825300482048,0.924304076801364,INSAT-3DR,INSAT-3DR
20.48891,85.84768,2025-10-29 22:00:00,0.1159047643416623,0.4536922991910654,0.40038213298878383,0.11453588092803609,1.5807831162631438,0.9476918132360043,INSAT-3DR,INSAT-3DR
21.6439,85.599355,2025-10-29 22:00:00,0.13258531364239995,0.3602884418929325,0.2498639377994148,0.09623794248909898,1.4294630202008838,0.9375853250679488,INSAT-3DR,INSAT-3DR
21.847279,85.416905,2025-10-29 22:00:00,0.08192759292990837,0.23400698493640257,0.718216704195919,0.07057747189252964,1.7380672681218738,0.9707492220701794,INSAT-3DR,INSAT-3DR
22.265816,86.174829,2025-10-29 22:00:00,0.1650653538803834,0.5062502676229428,0.2912585299832471,0.1016739879723102,1.5431199367411734,0.962663372066321,INSAT-3DR,INSAT-3DR
22.18972222,84.86277778,2025-10-29 22:00:00,0.12167949101892461,0.5147148656445533,0.04953669357374512,0.10023760869035585,1.6667274793607383,0.9533849080963792,INSAT-3DR,INSAT-3DR
22.220833,84.809444,2025-10-29 22:00:00,0.10042192593465539,0.24439865998219282,0.5985726553798467,0.11745865735150916,1.9852385629366134,0.9596067009390695,INSAT-3DR,INSAT-3DR
20.9360711,85.1707021,2025-10-29 22:00:00,0.10262033545627794,0.2404273131727679,0.24474279589439066,0.08592167349168911,1.8373192272044376,0.9433966066411811,INSAT-3DR,INSAT-3DR
21.869985,85.167016,2025-10-29 22:00:00,0.11261547482972666,0.2793018008864826,0.36298590143164183,0.12179574028408335,1.7145041428354544,0.9486124326611933,INSAT-3DR,INSAT-3DR
11.9309,79.8027,2025-10-29 22:00:00,0.2112672551661514,0.5259212402479219,0.46966262429521444,0.08043490123879046,1.2349002064008627,0.9640776185564851,INSAT-3DR,INSAT-3DR
31.62,74.876512,2025-10-29 22:00:00,0.16809718223183553,0.3458570166672973,0.153854935701875,0.09731869500727248,1.2853078510594609,0.9895857281100292,INSAT-3DR,INSAT-3DR
30.233011,74.907758,2025-10-29 22:00:00,0.1203265980748058,0.4157880281096775,0.46513994476928816,0.08055403510530332,1.2984395336802992,0.927662680561341,INSAT-3DR,INSAT-3DR
31.321907,75.578914,2025-10-29 22:00:00,0.22098543754423422,0.5803548303687798,0.5806342524983518,0.09155856229820608,1.5072999863652319,0.9469812676631201,INSAT-3DR,INSAT-3DR
30.736056,76.209694,2025-10-29 22:00:00,0.07800711824233522,0.20378929653761443,0.24809624690342488,0.1141518364394924,1.4272212420982153,0.9743096118726926,INSAT-3DR,INSAT-3DR
30.9028,75.8086,2025-10-29 22:00:00,0.119963546338066,0.1471769671033868,0.3110555386333477,0.09457189879671007,1.4072104061031183,0.9742140250629503,INSAT-3DR,INSAT-3DR
30.649961,76.331442,2025-10-29 22:00:00,0.11580300476425799,0.45690149163512184,0.20211748607049843,0.0818063912137505,1.2411013290283976,0.9336332503332749,INSAT-3DR,INSAT-3DR
30.349388,76.366642,2025-10-29 22:00:00,0.18289079795872015,0.3617720638143526,0.6733363023365608,0.12900174084351504,1.2459536321944906,0.9324721251305048,INSAT-3DR,INSAT-3DR
31.0325454,76.5623046,2025-10-29 22:00:00,0.1506837955659829,0.40375030233576215,0.4920271203287469,0.11327292694065684,1.6191794917040732,0.9688610289321359,INSAT-3DR,INSAT-3DR
26.470859,74.646594,2025-10-29 22:00:00,0.09982335641463996,0.40182952096621694,0.0883593871304773,0.1396304853416534,1.4111044933617944,0.974102354792289,INSAT-3DR,INSAT-3DR
27.554793,76.611536,2025-10-29 22:00:00,0.12394912276314826,0.34731692935305386,0.4369198918671973,0.08408022179982493,1.606333119187719,0.95913199697397,INSAT-3DR,INSAT-3DR
23.55519,74.44001,2025-10-29 22:00:00,0.12734472665112892,0.2980301632448494,0.15903228168709843,0.08760727152167072,1.3237370675354512,1.01552798690226,INSAT-3DR,INSAT-3DR
25.106006,76.469948,2025-10-29 22:00:00,0.1436678765161288,0.4159210374192833,0.42705975915742195,0.11148083861768061,1.6632443745114385,0.9288286344348695,INSAT-3DR,INSAT-3DR
25.747299,71.393989,2025-10-29 22:00:00,0.16586284352888925,0.390981053018469,0.5920456625072482,0.09448169059127647,1.158889681820079,0.9626607345250104,INSAT-3DR,INSAT-3DR
27.215415,77.50873,2025-10-29 22:00:00,0.1201301607254604,0.2232466615096233,0.48121915470467946,0.09504239761842674,1.6027270067730304,0.914668025611721,INSAT-3DR,INSAT-3DR
25.339605,74.618883,2025-10-29 22:00:00,0.07341618451612451,0.13180580399638347,0.10275865961072934,0.07542509488495623,1.506029279756403,0.9732401540854242,INSAT-3DR,INSAT-3DR
28.194909,76.862296,2025-10-29 22:00:00,0.1557853051812748,0.3812921937390292,0.24679236298265803,0.11261751207192312,1.6614522112671284,0.950664331260263,INSAT-3DR,INSAT-3DR
28.207266,76.829265,2025-10-29 22:00:00,0.22709250066712533,0.6983373978520859,0.3630065529814882,0.09541060417360576,1.73367292658966,0.9580164632747057,INSAT-3DR,INSAT-3DR
28.018792,73.292658,2025-10-29 22:00:00,0.1370665230291548,0.40211892026968316,0.212607458072299,0.07899890420353628,1.3357680583609328,0.9607503425394628,INSAT-3DR,INSAT-3DR
25.435774,75.644272,2025-10-29 22:00:00,0.10406421043492384,0.22218110187811402,0.2829264245615739,0.12363126273764183,1.9222592668199168,0.9327886919237223,INSAT-3DR,INSAT-3DR
24.892047,74.623527,2025-10-29 22:00:00,0.1005145482280163,0.21456267049011213,0.16113330708705212,0.07527043426815302,1.7548880455697806,0.9480931781760663,INSAT-3DR,INSAT-3DR
28.296139,74.961696,2025-10-29 22:00:00,0.20318275740952507,0.28339830376729636,0.23295703145987426,0.10697141488590146,1.3882408362230085,0.9437585613589453,INSAT-3DR,INSAT-3DR
26.895552,76.334753,2025-10-29 22:00:00,0.09977591195709648,0.18669770645010386,0.3991332222584657,0.09471288333593067,1.3451592363294198,0.9379475139077088,INSAT-3DR,INSAT-3DR
26.699557,77.898881,2025-10-29 22:00:00,0.11675581872189708,0.18596837596745253,0.22395076289408192,0.03567885601485728,1.8451387585629542,0.952436889282649,INSAT-3DR,INSAT-3DR
23.837789,73.714926,2025-10-29 22:00:00,0.1543375403377213,0.39582648235428003,0.4198707864938515,0.08399329187669394,1.4002025488041776,0.9848972281324698,INSAT-3DR,INSAT-3DR
29.61075,74.283608,2025-10-29 22:00:00,0.2369085437793653,0.6139921532012533,0.20580691755762417,0.07270702652261239,1.0242007918493552,0.9634009934363105,INSAT-3DR,INSAT-3DR
26.902909,75.836858,2025-10-29 22:00:00,0.16593665223916912,0.256257066559338,0.2501401790583398,0.12031874447127114,1.4193240508062634,0.9202962767460013,INSAT-3DR,INSAT-3DR
26.843698,75.766894,2025-10-29 22:00:00,0.05,0.25108495199993097,0.5141182779474868,0.10743438477380086,1.413708871088023,0.9075982556975964,INSAT-3DR,INSAT-3DR
26.9164092,75.7994901,2025-10-29 22:00:00,0.07986348399324092,0.16856495834799293,0.3606903214452604,0.11589846227751119,1.7698270210226859,0.971163401876482,INSAT-3DR,INSAT-3DR
26.786682,75.827928,2025-10-29 22:00:00,0.14019215903559448,0.3516666655070646,0.08249169740096567,0.10617705297574306,1.5684212079300837,0.9883451829685224,INSAT-3DR,INSAT-3DR
26.960669,75.771817,2025-10-29 22:00:00,0.05,0.009583661522045858,0.3656360562780008,0.08264049154943337,1.4572813515589915,0.9193463205815253,INSAT-3DR,INSAT-3DR
26.9502929,75.730943,2025-10-29 22:00:00,0.06023713301181491,0.24783723232133828,0.4839874868063733,0.08208908230565388,1.4283192848974222,0.925500002226799,INSAT-3DR,INSAT-3DR
26.912329,70.909168,2025-10-29 22:00:00,0.1754933293560549,0.3803611100338771,0.11605761118979938,0.08530378204931618,1.2201543481550736,0.9069417296848497,INSAT-3DR,INSAT-3DR
25.344694,72.626208,2025-10-29 22:00:00,0.11512734154599588,0.23162534247919708,0.10777386072398205,0.11011746364405836,1.7378452922511571,0.9633449029485848,INSAT-3DR,INSAT-3DR
24.588397,76.172782,2025-10-29 22:00:00,0.11525577271980515,0.42457205621659955,0.46293765041442997,0.10792733912934703,1.5339495535941323,0.9330700439426218,INSAT-3DR,INSAT-3DR
28.108988,75.386577,2025-10-29 22:00:00,0.14706404501695433,0.2921102242289909,0.31426144261465805,0.12867668978320312,1.6988597653375246,0.9550946227476041,INSAT-3DR,INSAT-3DR
26.268249,73.0193853,2025-10-29 22:00:00,0.11022279773222896,0.22464761379941545,0.43681112058992694,0.08204681229449892,1.3725025130349977,0.9424918510703207,INSAT-3DR,INSAT-3DR
26.29581,73.082283,2025-10-29 22:00:00,0.11422517486998149,0.30910851668606515,0.30767651082298036,0.14877713413158503,1.6669657002384906,0.9371312986593944,INSAT-3DR,INSAT-3DR
26.215415,73.070156,2025-10-29 22:00:00,0.07137719773657727,0.12901243421280767,0.1230621965046553,0.12203475723572418,1.5983986973672992,0.9178748642319607,INSAT-3DR,INSAT-3DR
26.358805,73.047444,2025-10-29 22:00:00,0.13641456518283201,0.44832937440781473,0.11016740265884253,0.08061897896924834,1.870408008962734,0.9416443397497276,INSAT-3DR,INSAT-3DR
26.253384,72.976571,2025-10-29 22:00:00,0.0617861175528803,0.11830248294494619,0.7131353497351098,0.05863248569137936,1.5178790557863227,0.9411482141445169,INSAT-3DR,INSAT-3DR
26.506177,77.025989,2025-10-29 22:00:00,0.11705306132545087,0.3871638304372137,0.3688002678772217,0.09186449567412222,1.7207440027445193,0.9423102175791696,INSAT-3DR,INSAT-3DR
25.16409,75.858137,2025-10-29 22:00:00,0.1134971740649261,0.332021947568347,0.467276925754399,0.11519574473906155,1.3320944883964685,0.9774454263321598,INSAT-3DR,INSAT-3DR
25.196024,75.855668,2025-10-29 22:00:00,0.1237688906081939,0.24213169331954462,0.4309318479136386,0.12233736324541478,1.499185432575713,0.9491748069469987,INSAT-3DR,INSAT-3DR
25.14389,75.821256,2025-10-29 22:00:00,0.15415394043858402,0.1838947278457992,0.3443670985743061,0.09570924670964073,0.7797829791080964,0.9359742085841689,INSAT-3DR,INSAT-3DR
27.213494,73.734444,2025-10-29 22:00:00,0.07287592543435198,0.23546813451814236,0.07844822322545013,0.09367328910519872,1.4000255139178297,0.960860645585793,INSAT-3DR,INSAT-3DR
25.771061,73.340227,2025-10-29 22:00:00,0.10497177664398694,0.24282012054227356,0.3922074447459127,0.11236721132519331,1.7911200958514597,0.9706330754915035,INSAT-3DR,INSAT-3DR
24.041198,74.780702,2025-10-29 22:00:00,0.05,0.1694895895009884,0.2952297504842084,0.11303729705386191,1.3476479258634708,0.9440060788667136,INSAT-3DR,INSAT-3DR
25.03636,73.883502,2025-10-29 22:00:00,0.19546045714176513,0.48387121781593384,0.22854099500160785,0.10665438659170376,1.233370398304558,0.9450532807220716,INSAT-3DR,INSAT-3DR
26.031443,76.359327,2025-10-29 22:00:00,0.13332819341616772,0.4632354655951861,0.31073381987960613,0.08679943702178515,1.4400969924905045,0.9252859395590117,INSAT-3DR,INSAT-3DR
27.608912,75.153302,2025-10-29 22:00:00,0.10806459870339302,0.41397841687305276,0.2869852887373884,0.07428801771894455,1.1768307058066336,0.9574529637296011,INSAT-3DR,INSAT-3DR
24.885261,72.857549,2025-10-29 22:00:00,0.12499132302242287,0.46675194428403477,0.2990612946207794,0.07037106040694419,1.5235414836921917,0.9165647745334367,INSAT-3DR,INSAT-3DR
29.931624,73.864511,2025-10-29 22:00:00,0.25218324888341126,0.6824452240187193,0.2417234560618014,0.087375177275186,1.6198901372643408,0.957714216810629,INSAT-3DR,INSAT-3DR
26.159933,75.780517,2025-10-29 22:00:00,0.07617216171219623,0.33233396541721694,0.4238685087250877,0.1017391940407434,1.6620054477012234,0.9355027783239989,INSAT-3DR,INSAT-3DR
24.5886166,73.6321397,2025-10-29 22:00:00,0.11936924980896668,0.31097798318753156,0.057470115233799336,0.1262845315140716,1.6426532501593085,0.9294807036503844,INSAT-3DR,INSAT-3DR
27.33853,88.614099,2025-10-29 22:00:00,0.1470311174217513,0.5143628380541092,0.1554639584943543,0.10415760753555382,1.6782687803210494,0.945912885467087,INSAT-3DR,INSAT-3DR
12.8777316,80.0834807,2025-10-29 22:00:00,0.10214459256610917,0.29977599852399867,0.3267583670674787,0.1208011578158678,1.296226008586653,0.9454445804175272,INSAT-3DR,INSAT-3DR
12.9099161,80.1076538,2025-10-29 22:00:00,0.06966587006047893,0.13555339754258316,0.41152821379822196,0.12146041989607245,1.543722297306941,0.9335295476628604,INSAT-3DR,INSAT-3DR
13.0664,80.2112,2025-10-29 22:00:00,0.11484783548369143,0.0961724869191029,0.3605854043469676,0.12387173070952524,1.621365974456515,0.9692463315776029,INSAT-3DR,INSAT-3DR
13.1278,80.2642,2025-10-29 22:00:00,0.08920525969189672,0.1394721209905593,0.054634531487346503,0.12840759696056703,1.3355329057294552,0.9079299981654899,INSAT-3DR,INSAT-3DR
13.1662,80.2584,2025-10-29 22:00:00,0.19140781166128298,0.28121802915472344,0.39324630683172485,0.09203433932914903,1.3954450103566873,0.9600559458905115,INSAT-3DR,INSAT-3DR
13.164544,80.26285,2025-10-29 22:00:00,0.16909091035189416,0.32414622623218814,0.3191247303823469,0.11870914729697551,1.6016625912325047,0.9296808067361086,INSAT-3DR,INSAT-3DR
12.9533,80.2357,2025-10-29 22:00:00,0.09829887622825424,0.32765268441270556,0.22696925758474412,0.09459464791272222,1.3000209415503798,0.9938720523122013,INSAT-3DR,INSAT-3DR
13.1036,80.2909,2025-10-29 22:00:00,0.05,0.07501604025983358,0.223514629865759,0.09764803094683737,1.3254033477298945,0.945606079515671,INSAT-3DR,INSAT-3DR
13.0052189,80.2398125,2025-10-29 22:00:00,0.10066784019911541,0.24484008576877458,0.11207749402427339,0.11082642588016557,1.2472238341851778,0.9693605015174116,INSAT-3DR,INSAT-3DR
11.0328,77.0349,2025-10-29 22:00:00,0.0760925898174414,0.07194992431317457,0.49662776888505317,0.07941274620022726,1.8150274642175823,0.9362668158165336,INSAT-3DR,INSAT-3DR
10.942451,76.978996,2025-10-29 22:00:00,0.09108740640635174,0.3550850214289231,0.24458843755087764,0.11450162088895016,1.3792028281568247,1.00427239555058,INSAT-3DR,INSAT-3DR
11.6829898,79.7532099,2025-10-29 22:00:00,0.09214048404008798,0.5289841476578627,0.4590354583735742,0.09822174818193076,1.3622551686951454,0.9487274719236078,INSAT-3DR,INSAT-3DR
11.7637683,79.7499835,2025-10-29 22:00:00,0.05,-0.016577101305582403,0.3965588466316614,0.09463721721516474,1.1211235608148185,0.9625927520605118,INSAT-3DR,INSAT-3DR
10.358535,77.984321,2025-10-29 22:00:00,0.10628744940951465,0.39785024380412704,0.45389556163072714,0.09736044715936422,1.6150215641979542,0.9387122380258854,INSAT-3DR,INSAT-3DR
13.4127,80.1081,2025-10-29 22:00:00,0.053496508539386325,0.03377638291704342,0.12634353375653753,0.09857759418339329,1.7510210833166169,0.9637341840869713,INSAT-3DR,INSAT-3DR
12.746998,77.813811,2025-10-29 22:00:00,0.13896729220309353,0.3773954540679475,0.29382919278446573,0.09261745453855014,1.4519398389703504,0.9350205380545991,INSAT-3DR,INSAT-3DR
12.864618,79.659968,2025-10-29 22:00:00,0.08886181985522652,0.25222945135614583,0.5397739482758297,0.12578406102813747,1.60506149250043,0.9150725504075263,INSAT-3DR,INSAT-3DR
10.96782,78.080882,2025-10-29 22:00:00,0.09745040532372802,0.19344085436269007,0.4545699663060706,0.11819566690202327,1.4820672156920731,0.963805118582456,INSAT-3DR,INSAT-3DR
9.865935,78.022669,2025-10-29 22:00:00,0.05,-0.14493223494323,0.2631318527755276,0.1057605673661098,1.5177212781449496,0.9401536241004192,INSAT-3DR,INSAT-3DR
10.798548,79.838212,2025-10-29 22:00:00,0.08920712820182546,0.18087033676143438,0.34762655922226715,0.11018056708135951,1.7307788269076982,0.9327890685490274,INSAT-3DR,INSAT-3DR
11.273992,78.163545,2025-10-29 22:00:00,0.08398281397926374,0.1435188057985625,0.1589574431104968,0.1419881504100502,1.3970416601000686,0.9499345124188835,INSAT-3DR,INSAT-3DR
11.4068288,76.7138973,2025-10-29 22:00:00,0.19191377612242688,0.5579724245664794,0.5448939559574695,0.0919602701772773,1.2873433980459013,0.9559038612341684,INSAT-3DR,INSAT-3DR
10.681158,78.741746,2025-10-29 22:00:00,0.13228602883724888,0.46459286913522846,0.07390218660391598,0.08978783001404841,1.5366946237423134,0.9508960491277587,INSAT-3DR,INSAT-3DR
11.258242,77.552761,2025-10-29 22:00:00,0.17985935866217267,0.34865297638781567,0.22530031215421428,0.08954294825927427,1.3534198383016445,0.9317314974736539,INSAT-3DR,INSAT-3DR
10.423417,78.784889,2025-10-29 22:00:00,0.11577933204574696,0.2095943786584913,0.2670949300874815,0.11161135374071231,1.4942300559731463,0.9766031871070945,INSAT-3DR,INSAT-3DR
9.36399,78.831977,2025-10-29 22:00:00,0.1325799435446769,0.44100845888912316,0.52294840139236,0.11736888621191864,1.8855625994877143,0.9403170573822558,INSAT-3DR,INSAT-3DR
12.952707,79.30394,2025-10-29 22:00:00,0.11942947158100047,0.37856480712133983,0.16594396090358127,0.11140974661727147,1.730407739662746,0.9512410269764598,INSAT-3DR,INSAT-3DR
11.679111,78.125052,2025-10-29 22:00:00,0.16124272758695812,0.37819289434343917,0.22251250679582693,0.07117195625249154,1.4117282416970296,0.9562297675411412,INSAT-3DR,INSAT-3DR
10.7654824,79.1389968,2025-10-29 22:00:00,0.10626006186245388,0.28544676465349017,0.5185998536025126,0.06376021324875891,1.309861861316949,0.8872297066753192,INSAT-3DR,INSAT-3DR
8.816428,78.099039,2025-10-29 22:00:00,0.10981718778196953,0.16034878753879267,0.34523489530876794,0.08855696134154911,1.4170167443759345,0.9800390593037719,INSAT-3DR,INSAT-3DR
10.830158,78.691849,2025-10-29 22:00:00,0.1872345097539479,0.5466208346858981,0.10952186295257084,0.09832433800221871,1.9508076217842238,0.9459532218625982,INSAT-3DR,INSAT-3DR
8.728442,77.6962,2025-10-29 22:00:00,0.10750440450620255,0.12456997565432545,0.43757496822116726,0.10741196827960423,1.6906352508658709,0.9657815040279981,INSAT-3DR,INSAT-3DR
11.0973603,77.3228673,2025-10-29 22:00:00,0.08520563302429851,0.1423434057234457,0.09219996496200467,0.09152618566178648,1.4021687649631567,0.9392404294235609,INSAT-3DR,INSAT-3DR
12.909494,79.131861,2025-10-29 22:00:00,0.1399888965086797,0.35787702148672723,0.2937279826066146,0.0931036973866541,1.5210557247819356,0.9530120498568926,INSAT-3DR,INSAT-3DR
9.559382,77.948828,2025-10-29 22:00:00,0.05,0.2245693754370362,0.13636244028998737,0.10068666777137672,1.4275001994235863,0.9689502381715113,INSAT-3DR,INSAT-3DR
17.540891,78.358528,2025-10-29 22:00:00,0.15040141555709763,0.3141670368883311,0.10969770419272373,0.09188920171865844,1.5718110186960734,0.9766845838834538,INSAT-3DR,INSAT-3DR
17.460103,78.334361,2025-10-29 22:00:00,0.0817984552708581,0.3183111712739071,0.1406285483146905,0.060306241171081805,1.446572502811649,0.9588070798775582,INSAT-3DR,INSAT-3DR
17.470431,78.566959,2025-10-29 22:00:00,0.09061823910511185,0.12150183488718289,0.32564228785029015,0.09705279730487425,1.5083791842308554,1.0027333828389118,INSAT-3DR,INSAT-3DR
17.5184,78.278777,2025-10-29 22:00:00,0.17434180915574382,0.5521118897081436,0.3130283959451799,0.05207835423339168,1.3642039307073737,0.9403885117359505,INSAT-3DR,INSAT-3DR
17.5316895,78.218939,2025-10-29 22:00:00,0.05,0.009258420978456638,0.6357621733048404,0.06146127423508892,1.2036465554841025,0.9632768272251093,INSAT-3DR,INSAT-3DR
17.585705,78.126199,2025-10-29 22:00:00,0.1068954565181981,0.2499890378557496,0.20584174996049842,0.10677951787336523,1.4635206025234886,0.990497378809917,INSAT-3DR,INSAT-3DR
17.393559,78.339194,2025-10-29 22:00:00,0.09541987717979045,0.2253738741302982,0.21917731342318178,0.10936303959368508,1.5514475501353044,0.95558631683545,INSAT-3DR,INSAT-3DR
17.544899,78.486949,2025-10-29 22:00:00,0.10762499744672403,0.27909146586751393,0.4032262617113891,0.09755128020505206,1.54601208087668,0.9230771855483958,INSAT-3DR,INSAT-3DR
17.429398,78.569354,2025-10-29 22:00:00,0.09195658920853138,0.08169261890874888,0.4426642469995873,0.0834603880083275,1.5321788408398125,0.9324007129595517,INSAT-3DR,INSAT-3DR
17.37206,78.50864,2025-10-29 22:00:00,0.14225321488016202,0.28677123234415913,0.2943889371262105,0.09227994848701122,1.278236735742691,0.9540670751681,INSAT-3DR,INSAT-3DR
17.528544,78.286195,2025-10-29 22:00:00,0.14442115163874597,0.38911661577513357,0.5599266451417679,0.15361017743266492,1.4151209558578677,0.9366936897813182,INSAT-3DR,INSAT-3DR
17.4559458,78.4332152,2025-10-29 22:00:00,0.13267940573107434,0.3060826700055412,0.5217534524975852,0.12527711878192777,1.6752426148544692,0.9561672862526377,INSAT-3DR,INSAT-3DR
17.417094,78.457437,2025-10-29 22:00:00,0.17472705025456806,0.39316102049345353,0.6698259475811227,0.100146991509295,1.6841631731759992,0.9519894191621829,INSAT-3DR,INSAT-3DR
17.349694,78.451437,2025-10-29 22:00:00,0.11631462124013164,0.1579844671879066,0.21449962618399449,0.11264432628063702,1.2974583966676736,0.9671426066350544,INSAT-3DR,INSAT-3DR
23.8175497,91.2726974,2025-10-29 22:00:00,0.10098023051367426,0.22648533545471622,0.5010996535265029,0.10073239852716447,1.837218630867799,0.9507892116092821,INSAT-3DR,INSAT-3DR
27.23711,78.01936,2025-10-29 22:00:00,0.22706659933321505,0.4379932285910336,0.296415235292246,0.09106713906370788,1.4053756990781288,0.9357738664000225,INSAT-3DR,INSAT-3DR
27.106972,78.000111,2025-10-29 22:00:00,0.20317525691594773,0.6501941751741207,0.37639723139949033,0.1060030190247235,1.471034809280083,0.9608238601460086,INSAT-3DR,INSAT-3DR
27.19865833,78.00598056,2025-10-29 22:00:00,0.16122019371219123,0.38764648127778084,0.16694401305993198,0.07334643117949594,1.7198938162068114,0.9364888768130641,INSAT-3DR,INSAT-3DR
27.19412,77.96237,2025-10-29 22:00:00,0.09296508987101232,0.3239050726893139,0.206372099964111,0.11790195111840397,1.487683562553442,0.9222297950216551,INSAT-3DR,INSAT-3DR
27.169338,78.03582,2025-10-29 22:00:00,0.07204246571003643,-0.13155912047089807,0.1911554430840167,0.11576583313272008,1.3496244948824985,0.9807306831263634,INSAT-3DR,INSAT-3DR
27.19862,77.92066,2025-10-29 22:00:00,0.1030336446554208,0.45861094962220733,0.07251836875428322,0.11432661968576563,2.17962546353258,0.9591013230706951,INSAT-3DR,INSAT-3DR
28.964949,77.278761,2025-10-29 22:00:00,0.11787867879794049,0.18507674463809903,0.043488768867329615,0.1285465730318954,1.5683118946895926,0.9578825779178421,INSAT-3DR,INSAT-3DR
28.359581,79.414455,2025-10-29 22:00:00,0.1368655049194399,0.27270706776222275,0.07116379217472187,0.07427832900080103,1.350357937007505,0.9707146493394588,INSAT-3DR,INSAT-3DR
28.38910936,79.42963708,2025-10-29 22:00:00,0.154076455886374,0.40233211930628554,0.4135872469794849,0.09222863559017595,1.521679649617642,0.9247495081189445,INSAT-3DR,INSAT-3DR
28.406963,77.849831,2025-10-29 22:00:00,0.05,0.19860787560448773,0.4958124464574954,0.1368400029906886,1.522278170700992,0.937840134056635,INSAT-3DR,INSAT-3DR
27.168897,78.37696,2025-10-29 22:00:00,0.0984710884752927,0.05484449617333875,0.36748501459503025,0.1442137945203153,1.833350625708734,0.9561444208859138,INSAT-3DR,INSAT-3DR
27.1594,78.3953,2025-10-29 22:00:00,0.13197322611691642,0.5143256395438196,0.3438657140953269,0.10917109948037843,1.7935566610742484,0.9525690213449258,INSAT-3DR,INSAT-3DR
28.646233,77.358075,2025-10-29 22:00:00,0.08710143472271936,0.03383654788963769,0.22135308999594902,0.15396657671874175,1.789682334024478,0.9636943877577683,INSAT-3DR,INSAT-3DR
28.757294,77.278792,2025-10-29 22:00:00,0.13096025593517244,0.3462492779139732,0.35915484651938556,0.09549209435675354,1.262280519506473,0.9788660002025957,INSAT-3DR,INSAT-3DR
28.685382,77.453839,2025-10-29 22:00:00,0.05,0.2768322824567314,0.3575755586862269,0.09513179394864185,1.6575862504992105,0.9592272704216018,INSAT-3DR,INSAT-3DR
28.6603346,77.3572563,2025-10-29 22:00:00,0.15398582071584488,0.37348130928099005,0.3956233276764784,0.11447164571820113,1.4480476689424648,0.9432348671150584,INSAT-3DR,INSAT-3DR
26.730136,83.433859,2025-10-29 22:00:00,0.17739206725555684,0.44201079283633615,0.5660723635492754,0.1066475366703922,1.514800802388573,0.9519347286547603,INSAT-3DR,INSAT-3DR
28.47272,77.482,2025-10-29 22:00:00,0.13548441109726117,0.28969317692945284,0.05040951691782444,0.10874226015841465,1.866590105190751,0.9342395676244868,INSAT-3DR,INSAT-3DR
28.557054,77.453663,2025-10-29 22:00:00,0.12722367732051462,0.17907271921113363,0.19597266491842388,0.10513994891171662,1.6178400264465178,0.9268473663814227,INSAT-3DR,INSAT-3DR
28.725645,77.749675,2025-10-29 22:00:00,0.13535541041177862,0.3942604097481844,0.19572580355615568,0.0766959942589353,1.1798748313633243,0.9656215796243054,INSAT-3DR,INSAT-3DR
25.4547,78.6039,2025-10-29 22:00:00,0.11769479018815801,0.2478952183587854,0.08725419164617425,0.10461423498149926,1.6985754936377375,0.9590199474086523,INSAT-3DR,INSAT-3DR
26.428282,80.327067,2025-10-29 22:00:00,0.05,0.13759614148786392,0.507625864998071,0.07168173740926244,1.2257371647787754,0.9486538866006456,INSAT-3DR,INSAT-3DR
26.509954,80.249612,2025-10-29 22:00:00,0.14424928009562035,0.44175623213119264,0.2993167513263735,0.10337302735220391,1.5886581853214852,0.9536421206411465,INSAT-3DR,INSAT-3DR
26.4703136,80.3229863,2025-10-29 22:00:00,0.1331279600121823,0.36407188800817775,0.7450512030237014,0.13321983808281246,1.3745814350455408,0.9491816492960986,INSAT-3DR,INSAT-3DR
28.2348927,77.8683002,2025-10-29 22:00:00,0.10934263313025858,0.3739976868283019,0.1086120056800174,0.08843575803560492,1.5590281958674834,0.9487045548040425,INSAT-3DR,INSAT-3DR
26.766433,80.927299,2025-10-29 22:00:00,0.12131344930081553,0.24829114000560426,0.16060059734670862,0.10649273580858806,1.3803441331604305,0.9326246491085418,INSAT-3DR,INSAT-3DR
26.86812,81.005119,2025-10-29 22:00:00,0.1473396749502585,0.3650987980698773,0.5012180209044328,0.08467294781469968,1.48424231998394,0.9372630957145922,INSAT-3DR,INSAT-3DR
26.906111,80.948222,2025-10-29 22:00:00,0.15371751423348912,0.35547875934147116,0.26640797845395897,0.09656027009183644,1.4951741779090053,0.9602120138082062,INSAT-3DR,INSAT-3DR
26.90723,80.98579,2025-10-29 22:00:00,0.07688390997537625,0.3321515676038289,0.36811343741457103,0.10376146713983547,1.329763903510503,0.9633066906901775,INSAT-3DR,INSAT-3DR
26.8458805,80.9365541,2025-10-29 22:00:00,0.22714694546878553,0.4892101545161788,0.2880399270650315,0.09739277438041304,1.322857240040062,0.9375033076313103,INSAT-3DR,INSAT-3DR
26.83399722,80.8917361,2025-10-29 22:00:00,0.06160234217467524,0.22722097804216165,0.41413728453468324,0.08499179744490688,1.0675935400145122,0.9591677801991413,INSAT-3DR,INSAT-3DR
28.999264,77.7590354,2025-10-29 22:00:00,0.0614279329845908,0.2524307118113945,0.37836018195407645,0.12586356171056445,1.4848657854685874,0.9807510263806868,INSAT-3DR,INSAT-3DR
28.9535882,77.7622941,2025-10-29 22:00:00,0.08374753076964436,0.1499184573292102,0.4011850064190916,0.14428659885113193,1.2304581539381192,0.9435649459201958,INSAT-3DR,INSAT-3DR
29.06351,77.709723,2025-10-29 22:00:00,0.11504261487456191,0.47887535062208436,0.1420153468401386,0.10849598626953572,1.6142282484076147,0.935530267551604,INSAT-3DR,INSAT-3DR
28.83526,78.7446,2025-10-29 22:00:00,0.17999972932658725,0.3528931204056948,0.2994639079970963,0.11070917494819267,1.7418020397801994,0.9144024978358366,INSAT-3DR,INSAT-3DR
28.840739,78.697531,2025-10-29 22:00:00,0.16987520178371884,0.6752328949949865,0.24709618888609047,0.13542042300796123,1.7096407935350553,0.9332364703533693,INSAT-3DR,INSAT-3DR
28.88528,78.7388,2025-10-29 22:00:00,0.08664973371634228,0.2759782775201748,0.21646972025506492,0.09135397628380919,1.5463461884060785,0.9314525398860812,INSAT-3DR,INSAT-3DR
28.856664,78.772638,2025-10-29 22:00:00,0.18108834779183608,0.3892933977978589,0.45297365970391823,0.09644745924753403,1.1510479224789396,0.9288935168281508,INSAT-3DR,INSAT-3DR
28.849399,78.742362,2025-10-29 22:00:00,0.10047122400587055,0.2723659778975648,0.469934473588362,0.08236078471465652,1.2114570427994575,0.959601272358082,INSAT-3DR,INSAT-3DR
28.802625,78.753728,2025-10-29 22:00:00,0.1858263924331338,0.5911990078784635,0.3195258744276356,0.11683214407516783,1.5664162922833622,0.9629225935204834,INSAT-3DR,INSAT-3DR
29.4723508,77.7194031,2025-10-29 22:00:00,0.10062747357406668,0.11536434684969094,0.16683821536274843,0.10121570745002606,1.8852571709710786,0.9516255433518214,INSAT-3DR,INSAT-3DR
28.5447608,77.3231257,2025-10-29 22:00:00,0.1756088388679488,0.39551437301224046,0.21372082731601608,0.06619607564734398,1.6885877239794467,0.953625078966901,INSAT-3DR,INSAT-3DR
28.6245479,77.3577104,2025-10-29 22:00:00,0.09904398008477955,0.4624396365906448,0.16820390373403707,0.11856031318303374,1.541698394115116,0.9029103415460679,INSAT-3DR,INSAT-3DR
28.5898,77.3101,2025-10-29 22:00:00,0.11757928970947229,0.41699422904967826,0.20267143931630005,0.1096136252844079,1.5820766553573784,0.974293335602658,INSAT-3DR,INSAT-3DR
28.56923,77.393848,2025-10-29 22:00:00,0.10942332890936192,0.31414073094078626,0.37254415581886124,0.054884173378105056,1.5862019384260153,0.9534789441682562,INSAT-3DR,INSAT-3DR
25.425602,81.917152,2025-10-29 22:00:00,0.0857579145616582,0.05247748075255901,0.41331431739557317,0.06313866370279429,1.3600798382595272,0.9458124877337617,INSAT-3DR,INSAT-3DR
25.494,81.863,2025-10-29 22:00:00,0.18940797537399917,0.30987963651434947,0.5310129530485904,0.09127473935639943,1.709623351853831,0.9286295849183511,INSAT-3DR,INSAT-3DR
25.44919916,81.82735986,2025-10-29 22:00:00,0.13393737574885933,0.29642527280145076,0.0948569369601155,0.1082843516990167,1.2157300109362905,0.9850458381824406,INSAT-3DR,INSAT-3DR
25.3505986,82.9083074,2025-10-29 22:00:00,0.05,0.04812335899614795,0.15896343772317928,0.10437436532282976,1.4666370518603213,0.9497600531074455,INSAT-3DR,INSAT-3DR
25.301778,82.996789,2025-10-29 22:00:00,0.06776551549053822,0.01969054927792821,0.596418584966624,0.11827880938645983,1.3419965806369585,0.9638563042060184,INSAT-3DR,INSAT-3DR
25.262326,82.995408,2025-10-29 22:00:00,0.10248133024843005,0.3752508241404233,0.39572820554580446,0.11293809046513133,1.3631119195827635,0.9234440265304114,INSAT-3DR,INSAT-3DR
25.32393,82.99687,2025-10-29 22:00:00,0.10224002163257682,0.4071414356162629,0.5809814699799422,0.07450777417279653,1.6018590647284017,0.9376785756932735,INSAT-3DR,INSAT-3DR
27.571409,77.655757,2025-10-29 22:00:00,0.19751891289275075,0.41675480231808903,0.41630382728217197,0.055941732935885634,1.4558868119465371,0.9549381212683322,INSAT-3DR,INSAT-3DR
30.269444,78.044167,2025-10-29 22:00:00,0.06040677527978047,0.04214759715181694,0.24386565947520564,0.11677097852627248,1.5136644259879635,0.95252625029174,INSAT-3DR,INSAT-3DR
29.2124114,78.9611753,2025-10-29 22:00:00,0.23196399596505363,0.439975773327757,0.23972242709906755,0.0803596100557819,1.3626535208865298,0.9576993283209526,INSAT-3DR,INSAT-3DR
30.075911,78.2859547,2025-10-29 22:00:00,0.15659500032219614,0.5035811520461149,0.3832442743026803,0.09883725411001541,1.5414977595704364,0.9589135581416385,INSAT-3DR,INSAT-3DR
23.685297,86.945968,2025-10-29 22:00:00,0.13784206036776853,0.18413464993964013,0.10858952091275512,0.11743111932576285,1.565434110575558,0.9275773197448415,INSAT-3DR,INSAT-3DR
23.697936,86.944395,2025-10-29 22:00:00,0.18567361361009238,0.6679050979970668,0.2382514774656682,0.09277035588844955,1.6021070756902474,0.9540347730959209,INSAT-3DR,INSAT-3DR
23.618183,87.105718,2025-10-29 22:00:00,0.1431851261166066,0.3460069396288769,0.1901626584445435,0.09792375031194067,1.2639079029535836,0.9818404979715216,INSAT-3DR,INSAT-3DR
23.616515,87.119133,2025-10-29 22:00:00,0.08727976820067172,0.0738793411230999,0.32129914407737725,0.1289326281960346,1.5409595754563834,0.9581828184555198,INSAT-3DR,INSAT-3DR
22.7605581,88.3617589,2025-10-29 22:00:00,0.1874086998079444,0.381101822518446,0.28898926629814126,0.12215442191964898,1.613320429678545,0.962886210002164,INSAT-3DR,INSAT-3DR
23.567923,87.306843,2025-10-29 22:00:00,0.12399044724933256,0.3623084963961902,0.14449292514522769,0.05800856714839382,1.5826294951905244,0.9453358300358721,INSAT-3DR,INSAT-3DR
23.508764,87.35444,2025-10-29 22:00:00,0.09410572531947281,0.22218425392598645,0.5540814959327779,0.10414278873557138,1.4521453705696297,0.9795624245219896,INSAT-3DR,INSAT-3DR
23.549395,87.300496,2025-10-29 22:00:00,0.05,0.04986545303966296,0.7110034117178603,0.14204089511675613,1.4801371324415935,0.9445514619813825,INSAT-3DR,INSAT-3DR
22.06047,88.109737,2025-10-29 22:00:00,0.05,0.0939603196244031,0.3418500662933675,0.1123816633877602,1.4248982038721,0.9368780552798871,INSAT-3DR,INSAT-3DR
22.629801,88.352017,2025-10-29 22:00:00,0.18012945026159766,0.40059191101822716,0.5477398096313008,0.10572666659734019,1.262489366644992,0.9615781963613826,INSAT-3DR,INSAT-3DR
22.554954,88.292568,2025-10-29 22:00:00,0.11344978429770831,0.2381072823488944,0.3973508795824093,0.09249782010112871,1.813703797094511,0.9342390475353398,INSAT-3DR,INSAT-3DR
22.6025571,88.3105664,2025-10-29 22:00:00,0.14951311998377104,0.5171660838254121,0.06372810619555375,0.11028952141063499,1.7314489095462051,0.9465700879922352,INSAT-3DR,INSAT-3DR
22.611968,88.347422,2025-10-29 22:00:00,0.07993311198282366,0.2954263621901354,0.5901645164467593,0.11258721266857785,1.440186182953989,0.963585876399647,INSAT-3DR,INSAT-3DR
22.5687319,88.2797276,2025-10-29 22:00:00,0.08115983632479754,-0.008569769095379737,0.3701965822432868,0.12638843575629746,1.3971822391264204,0.9679531154329948,INSAT-3DR,INSAT-3DR
22.5367507,88.3638022,2025-10-29 22:00:00,0.17947653863735075,0.5674626850072224,0.2402700081585959,0.10800339210400996,1.0971873451524474,0.9326623083023307,INSAT-3DR,INSAT-3DR
22.58157048,88.41002457,2025-10-29 22:00:00,0.11518222715236771,0.336677387343962,0.3430726573652272,0.10316461739306573,1.5625731302981822,0.9513147532009457,INSAT-3DR,INSAT-3DR
22.55664,88.342674,2025-10-29 22:00:00,0.10324822670979761,0.26624970927874214,0.3106081011038695,0.10530327845493176,1.3702002959053685,0.9676721357198833,INSAT-3DR,INSAT-3DR
22.49929,88.36917,2025-10-29 22:00:00,0.05,0.016858661926071272,0.4233497061095812,0.10616254928672268,1.4026647354236808,0.9688719555254589,INSAT-3DR,INSAT-3DR
22.627847,88.380669,2025-10-29 22:00:00,0.15199193984402928,0.37806763162470247,0.3132620055370187,0.0858666179185372,1.6439198995249784,0.9485955275885074,INSAT-3DR,INSAT-3DR
22.51106,88.35142,2025-10-29 22:00:00,0.1023111914235495,0.299299131387834,0.18759428794228486,0.06879160939046174,1.1669749407391912,0.9099651966504747,INSAT-3DR,INSAT-3DR
22.5448082,88.3403691,2025-10-29 22:00:00,0.10914325959191754,0.20654168996717553,0.2822061377800993,0.10591866480692191,1.5270857669439915,0.9414836400326689,INSAT-3DR,INSAT-3DR
26.6879226,88.4152495,2025-10-29 22:00:00,0.05,0.17213912627649908,0.6017133198271047,0.10944022862925763,1.7115921427677585,0.9516368866905908,INSAT-3DR,INSAT-3DR
